mix,variable,previous,corrected,change
2,SS (%),75.0,74.98,-0.01999999999999602
2,A/B,0.48,0.476,-0.0040000000000000036
2,7-day strength (MPa),12.58,12.59,0.009999999999999787
3,A/B,0.47,0.467,-0.002999999999999947
5,SS (%),67.5,67.53,0.030000000000001137
5,A/B,0.43,0.434,0.0040000000000000036
5,7-day strength (MPa),19.22,19.23,0.010000000000001563
6,A/B,0.44,0.442,0.0020000000000000018
7,SS (%),16.34,16.38,0.03999999999999915
7,A/B,0.42,0.419,-0.0010000000000000009
8,SS (%),32.63,32.39,-0.240000000000002
8,A/B,0.48,0.479,-0.0010000000000000009
9,RCF (%),43.94,43.95,0.010000000000005116
9,A/B,0.43,0.442,0.01200000000000001
11,SS (%),59.63,59.59,-0.03999999999999915
12,SS (%),38.24,37.95,-0.28999999999999915
12,A/B,0.45,0.448,-0.0020000000000000018
12,7-day strength (MPa),14.7,16.2,1.5
13,SS (%),75.0,74.81,-0.18999999999999773
13,A/B,0.47,0.468,-0.0019999999999999463
15,SS (%),12.62,12.42,-0.1999999999999993
17,A/B,0.44,0.442,0.0020000000000000018
18,A/B,0.47,0.471,0.0010000000000000009
18,7-day strength (MPa),8.62,8.63,0.010000000000001563
19,SS (%),38.24,38.23,-0.010000000000005116
20,A/B,0.43,0.428,-0.0020000000000000018
23,7-day strength (MPa),12.81,12.82,0.009999999999999787
24,RCF (%),42.8,42.805,0.005000000000002558
24,SS (%),0.88,0.0,-0.88
25,A/B,0.47,0.466,-0.003999999999999948
28,SS (%),49.88,49.83,-0.05000000000000426
28,A/B,0.44,0.442,0.0020000000000000018
29,7-day strength (MPa),3.09,3.08,-0.009999999999999787
