rank,AICc,dAICc,weight,k,level_terms,gain_terms,structure
1,11.507059727792017,0.0,0.13449503705522894,16,A D Carb AD D2 KA KD,D D2,UN
2,13.167083292844554,1.660023565052537,0.05864577392227843,17,A D Carb AD D2 KA KD,A D D2,UN
3,14.181148668362427,2.6740889405704102,0.03532118158405071,15,A D Carb AD D2 KA KD,D,UN
4,14.50894750927153,3.001887781479514,0.02998158645553718,17,A D Carb AD A2 D2 KA KD,D D2,UN
5,14.999770331572792,3.4927106037807754,0.02345707129631337,15,A D Carb D2 KA KD,D D2,UN
6,15.1905939799061,3.6835342521140824,0.021322442853117744,17,A C D Carb AD D2 KA KD,D D2,UN
7,15.243654716198908,3.7365949884068907,0.020764188682807095,18,A D Carb AD D2 KA KD,A D AD D2,UN
8,15.360915253201457,3.8538555254094398,0.019581779889900657,15,A D Carb AD D2 KD,D D2,UN
9,15.522602023323014,4.015542295530997,0.018061022286139924,18,A C D Carb AC AD D2 KA KD,D D2,UN
10,16.070807089650902,4.563747361858885,0.013730966604524202,18,A C D Carb AD C2 D2 KA KD,D D2,UN
11,16.360203551432893,4.853143823640876,0.011881177050162013,18,A D Carb AD A2 D2 KA KD,A D D2,UN
12,16.363088042252215,4.856028314460199,0.011864053828012441,16,A D Carb AD D2 KA KD,A D,UN
13,16.4815999975012,4.974540269709182,0.011181461283052611,16,A D Carb D2 KA KD,A D D2,UN
14,16.507338901865275,5.000279174073258,0.011038483994785077,19,A C D Carb AC AD C2 D2 KA KD,D D2,UN
15,16.759593799358502,5.252534071566485,0.009730451162948826,18,A C D Carb AD D2 KA KD,C D D2,UN
16,16.842744919129863,5.335685191337847,0.009334196538277741,16,A D Carb AD D2 KD,A D D2,UN
17,17.00484255071781,5.497782822925794,0.00860751696927289,16,A D Carb AD A2 D2 KA KD,D,UN
18,17.04185002206746,5.534790294275444,0.008449710259847374,18,A C D Carb AD D2 KA KD,A D D2,UN
19,17.19037550310523,5.683315775313213,0.007844945283683983,16,A D Carb A2 D2 KA KD,D D2,UN
20,17.2971767556674,5.790117027875384,0.007437009247800846,19,A C D Carb AC AD D2 KA KD,C D D2,UN
1,16.427108378759435,0.0,0.038213320636670524,16,A C D Carb A2 C2 D2 KD,D D2,CS
2,16.913519399573126,0.4864110208136907,0.02996346038623534,17,A C D Carb AD A2 C2 D2 KD,D D2,CS
3,17.193392459408408,0.7662840806489726,0.026050634431261686,17,A C D Carb AC A2 C2 D2 KD,D D2,CS
4,17.80487572110301,1.3777673423435743,0.019188295646812955,17,A C D Carb A2 C2 D2 KD,C D D2,CS
5,17.88262267490091,1.4555142961414766,0.018456691995816905,18,A C D Carb AC AD A2 C2 D2 KD,D D2,CS
6,18.08713194381197,1.6600235650525335,0.016662694861799675,17,A C D Carb A2 C2 D2 KD,A D D2,CS
7,18.202999420870405,1.7758910421109704,0.015724793043887762,17,A C D Carb A2 C2 D2 KA KD,D D2,CS
8,18.360890694597376,1.9337823158379415,0.014531126512331077,18,A C D Carb AC A2 C2 D2 KA KD,D D2,CS
9,18.48251921902553,2.055410840266095,0.013673761021176015,18,A C D Carb AD A2 C2 D2 KD,C D D2,CS
10,18.762392278860812,2.335283900101377,0.011888151270629884,18,A C D Carb AC A2 C2 D2 KD,C D D2,CS
11,18.76477544173449,2.337667062975054,0.011873994006699041,18,A C D Carb AD A2 C2 D2 KD,A D D2,CS
12,19.04464850156977,2.617540122810336,0.010323409683669484,18,A C D Carb AC A2 C2 D2 KD,A D D2,CS
13,19.10119731932984,2.6740889405704067,0.01003560924395402,15,A C D Carb A2 C2 D2 KD,D,CS
14,19.19298422944144,2.7658758506820043,0.009585449170867935,10,A D A2 D2,D D2,CS
15,19.26937946124934,2.842271082489905,0.009226212534556223,18,A C D Carb A2 C2 D2 KD,A C D D2,CS
16,19.409414441019408,2.9823060622599726,0.00860231309357627,16,A C D Carb AD A2 C2 D2 KD,D,CS
17,19.425351991908595,2.9982436131491603,0.008534035597555558,18,A C D Carb AD A2 C2 D2 KA KD,D D2,CS
18,19.6571974072453,3.230089028485864,0.00759993464833039,19,A C D Carb AC AD A2 C2 D2 KD,C D D2,CS
19,19.68928750085469,3.2621791220952545,0.00747896640692931,16,A C D Carb AC A2 C2 D2 KD,D,CS
20,19.77199924032281,3.344890861563375,0.007175975652276369,18,A C D Carb A2 C2 D2 KA KD,C D D2,CS
