run,step,removed,F,df1,df2,p
UN_0.10,1,AC.Age,0.011316494830368156,1,14.000001270592312,0.9167909390100061
UN_0.10,2,CD.Age,0.12595138307641113,1,15.000003247836426,0.7276077871076835
UN_0.10,3,CD,0.08386734822505644,1,14.00000152709603,0.7763679762883884
UN_0.10,4,KC.Age,0.24942424191025933,1,16.000001535548396,0.6242782714443305
UN_0.10,5,KC,0.01720147863376624,1,15.000001148057818,0.8973960612472742
UN_0.10,6,AD.Age,1.7073464674271464,1,17.000003824561684,0.2087314127092992
UN_0.10,7,KD.Age,1.6358365293023065,1,18.00000271376189,0.21714127706546843
UN_0.10,8,A2.Age,2.3696474533695397,1,19.000000160647982,0.14020385112159597
UN_0.10,9,A2,2.128434215165924,1,16.00000346474569,0.16394091677733655
UN_0.10,10,AC,2.5117337566391718,1,17.000003760113007,0.13142633832954687
UN_0.10,11,KA.Age,2.595363667836208,1,20.000002924699423,0.12284694628625042
UN_0.10,12,A.Age,1.1510235887099038,1,21.00000267123197,0.2955095125810349
UN_0.05,1,AC.Age,0.011316494830368156,1,14.000001270592312,0.9167909390100061
UN_0.05,2,CD.Age,0.12595138307641113,1,15.000003247836426,0.7276077871076835
UN_0.05,3,CD,0.08386734822505644,1,14.00000152709603,0.7763679762883884
UN_0.05,4,KC.Age,0.24942424191025933,1,16.000001535548396,0.6242782714443305
UN_0.05,5,KC,0.01720147863376624,1,15.000001148057818,0.8973960612472742
UN_0.05,6,AD.Age,1.7073464674271464,1,17.000003824561684,0.2087314127092992
UN_0.05,7,KD.Age,1.6358365293023065,1,18.00000271376189,0.21714127706546843
UN_0.05,8,A2.Age,2.3696474533695397,1,19.000000160647982,0.14020385112159597
UN_0.05,9,A2,2.128434215165924,1,16.00000346474569,0.16394091677733655
UN_0.05,10,AC,2.5117337566391718,1,17.000003760113007,0.13142633832954687
UN_0.05,11,KA.Age,2.595363667836208,1,20.000002924699423,0.12284694628625042
UN_0.05,12,A.Age,1.1510235887099038,1,21.00000267123197,0.2955095125810349
CS_0.10,1,AC.Age,0.011316494646801813,1,14.000001307286594,0.9167909396782428
CS_0.10,2,CD.Age,0.12595138634441175,1,15.000003248986838,0.7276077837281678
CS_0.10,3,CD,0.007851611186760645,1,14.000001053017792,0.9306474743292955
CS_0.10,4,KC.Age,0.2494242425993125,1,16.000002150830053,0.6242782707106087
CS_0.10,5,KC,0.11439609729310475,1,15.000004962601578,0.7398812145040083
CS_0.10,6,AD.Age,1.7073465583731215,1,17.000004016027404,0.2087314009531762
CS_0.10,7,KD.Age,1.6358365722680934,1,18.00000225056483,0.21714127169278807
CS_0.10,8,AD,1.7770441057506525,1,16.00000519762101,0.20118421044555812
CS_0.10,9,AC,2.3475130135760893,1,17.00000373158358,0.1438805966463986
CS_0.10,10,A2.Age,2.369647435004584,1,19.000001369946467,0.14020385153327442
CS_0.10,11,KA.Age,2.595363714055899,1,20.000002971949023,0.12284694311028525
CS_0.10,12,A.Age,1.1510235862734535,1,21.00000169430917,0.2955095136379797
CS_0.10,13,KA,1.3045969125316919,1,18.000003376479363,0.268341844148823
CS_0.05,1,AC.Age,0.011316494646801813,1,14.000001307286594,0.9167909396782428
CS_0.05,2,CD.Age,0.12595138634441175,1,15.000003248986838,0.7276077837281678
CS_0.05,3,CD,0.007851611186760645,1,14.000001053017792,0.9306474743292955
CS_0.05,4,KC.Age,0.2494242425993125,1,16.000002150830053,0.6242782707106087
CS_0.05,5,KC,0.11439609729310475,1,15.000004962601578,0.7398812145040083
CS_0.05,6,AD.Age,1.7073465583731215,1,17.000004016027404,0.2087314009531762
CS_0.05,7,KD.Age,1.6358365722680934,1,18.00000225056483,0.21714127169278807
CS_0.05,8,AD,1.7770441057506525,1,16.00000519762101,0.20118421044555812
CS_0.05,9,AC,2.3475130135760893,1,17.00000373158358,0.1438805966463986
CS_0.05,10,A2.Age,2.369647435004584,1,19.000001369946467,0.14020385153327442
CS_0.05,11,KA.Age,2.595363714055899,1,20.000002971949023,0.12284694311028525
CS_0.05,12,A.Age,1.1510235862734535,1,21.00000169430917,0.2955095136379797
CS_0.05,13,KA,1.3045969125316919,1,18.000003376479363,0.268341844148823
