term,column,label,eff7,lo7,hi7,p7,eff28,lo28,hi28,p28,change,lo_change,hi_change,p_change,in_final_as_age_term
A,A,RCF,0.05997329821495173,-0.07677510810938837,0.19672170453929183,0.3711772749051504,0.069812050767799,-0.20963757546102313,0.34926167699662114,0.6080091037956887,0.009838752552847274,-0.2301115315282587,0.24978903663395324,0.9326894023890537,False
D,D,SS,0.75440779700891,0.619120678785216,0.889694915232604,2.3524080043286403e-10,0.3584130501467002,0.08194961165227371,0.6348764886411267,0.013649302381794213,-0.3959947468622098,-0.6333809316298524,-0.15860856209456714,0.0023636507307728313,True
Carb,Carb[0.5 h],Carb[0.5 h],0.06471895839714303,-0.14135994007031027,0.27079785686459634,0.519870508117463,0.04578527789152265,-0.37534336778231653,0.4669139235653618,0.8228914634371983,-0.018933680505620387,-0.38053709191886653,0.34266973090762576,0.9141150393697047,False
Carb,Carb[1 h],Carb[1 h],-0.09423553039312338,-0.25318006925872183,0.06470900847247504,0.2305127824884903,-0.16314204442397717,-0.48795015863345836,0.16166606978550402,0.307264362998765,-0.0689065140308538,-0.3478040038111533,0.2099909757494457,0.6119417206053166,False
Carb,Carb[5 h],Carb[5 h],0.05715893279415596,-0.1053757183262774,0.21969358391458932,0.4717198415082589,-0.20527749845650156,-0.5374221188412873,0.12686712192828414,0.21203971155486498,-0.2624364312506575,-0.5476334347033196,0.02276057220200456,0.06930307260525982,False
AD,AD,RCF·SS,-0.10706904770877612,-0.20089721911270073,-0.013240876304851518,0.027356890053958555,-0.01507052013775012,-0.20681130991475155,0.1766702696392513,0.8714133929341421,0.091998527571026,-0.07264029337725844,0.2566373485193104,0.25748340292148736,False
D2,D2,SS²,-0.6844031933360251,-0.837220400277756,-0.5315859863942941,9.810011929725239e-09,-0.3068018747273049,-0.6190885953730676,0.005484845918457715,0.05377666956443162,0.37760131860872015,0.10945536206255119,0.6457472751548892,0.008143019509223092,True
KA,KA,K·RCF,0.19635957564954581,0.02689704725560399,0.36582210404348764,0.0253224414670224,0.07931136207256323,-0.2669905912193295,0.42561331536445596,0.6380185589429342,-0.11704821357698258,-0.41440145463114003,0.18030502747717486,0.42126653729582625,False
KD,KD,K·SS,-0.33402696095495865,-0.5048757241197186,-0.16317819779019865,0.0005858475269677918,-0.2064384230266365,-0.5555731902387844,0.14269634418551141,0.2317262858750675,0.12758853792832214,-0.17219710754179185,0.42737418339843614,0.3852091548281774,False
