mix,carbonation,RCF,SS,AB,obs7,fit7,obs28,fit28,resid_ln7,resid_ln28,white7,white28,hat7,hat28,t_del7,t_del28,p_bonf7,p_bonf28,mix_F,p_mix_bonf,cook,cv7,cv28,cvg7,cvg28
1,0.5 h,10.0,38.24,0.45,12.3,12.419761146061015,20.41,17.963442808841,-0.009689582545981512,0.12768623917588817,-0.06596475011812342,0.48442509695081737,0.25616739540016203,0.09242695219160159,-0.08366099837990815,0.37713005860229465,1.0,1.0,0.12294368823683427,1.0,0.0025868327434345746,12.480041267180223,17.778893942401044,12.607952866606013,17.510515345537254
2,1 h,50.0,74.98,0.476,12.59,12.50040470221695,18.21,19.06012500576644,0.007141828094741509,-0.04562756300471982,0.04862014471940244,-0.18822884627949385,0.5627134863352743,0.1519129226247936,0.08497325495152987,-0.11013791475213676,1.0,1.0,0.02301747223895126,1.0,0.0016584123984257283,12.353652259303333,19.040324837850797,12.353652259303333,19.040324837850797
3,5 h,10.0,0.0,0.467,3.19,3.763998013972803,9.92,10.842014848945054,-0.16546077728883457,-0.08887592911661724,-1.126424051440168,0.370658114812526,0.3391191005706552,0.082587809336409,-1.423967615686748,-0.44230514120858183,1.0,1.0,1.0510143255865427,1.0,0.07910326930797759,4.09185800815493,11.693586015540658,4.09185800815493,11.693586015540658
4,1 h,16.8,75.0,0.42,11.2,9.663417709103873,26.54,14.737632985932871,0.1475663925348516,0.5882487394386815,1.0046026403306065,1.4416847534435273,0.4571521283028609,0.15696806013168974,1.3090532596108166,2.1889624175743743,1.0,1.0,2.2801416721440884,1.0,0.1386481745213962,8.69456819577717,12.117014989165861,8.69456819577717,12.117014989165861
5,NC,10.0,67.53,0.434,19.23,18.693202574518015,21.24,26.647184703064823,0.028311600510686485,-0.22679730899799733,0.19273974335520677,-0.9060694007275443,0.49978389634773257,0.07229687293296225,0.3110976367408911,-0.5648698821112796,1.0,1.0,0.475576126713325,1.0,0.017543306108358817,18.023228429310944,26.35346869511418,18.023228429310944,26.35346869511418
6,5 h,36.6,49.88,0.442,15.6,18.848620400078097,16.97,25.69813454582562,-0.18916880863536312,-0.41497132425502503,-1.2878236118593083,-0.6673373812453338,0.22609930318883686,0.07510798978240751,-1.4871464266579695,-1.3654651052614046,1.0,1.0,1.259540447720898,1.0,0.04753542340478128,19.857839678225808,27.622556224803336,20.88417137696792,31.74480882171336
7,NC,18.2,16.38,0.419,8.34,7.477016881953602,33.96,14.611390140866853,0.10922931650420198,0.8433819902503452,0.7436114543202154,2.487627627749554,0.3136059649661557,0.05420286058287971,0.837499115914662,3.0189927398815875,1.0,0.4424566521773134,4.695113182190167,0.7139546150524319,0.07262131046919718,7.190138864572145,13.348201063471281,7.190138864572145,13.348201063471281
8,1 h,27.8,32.39,0.479,13.6,12.628704962739107,15.68,19.32218396725075,0.07409739823707229,-0.20886784925653457,0.5044403446605279,-1.0318405075991208,0.19444031104159915,0.09410866960958968,0.5651925796605548,-0.603204958525794,1.0,1.0,0.7417893835807683,1.0,0.019733547014220535,12.38061080749724,19.5367460102779,12.291453003225307,18.997308985743746
9,NC,43.95,0.0,0.442,3.86,4.071705722061045,11.38,11.72835207012395,-0.05339482451092192,-0.03015173561728668,-0.36350134175024273,0.11449038069500718,0.49875688957360054,0.07544780526557035,-0.5264916066922486,-0.21945312528010225,1.0,1.0,0.13644410697267884,1.0,0.023954823883382173,4.304479718461518,12.369132555350067,4.304479718461518,12.369132555350067
10,0.5 h,30.0,0.0,0.45,4.66,5.347157452213321,16.22,15.402229300156838,-0.13754965422797993,0.051732789993920836,-0.9364106788837794,0.7455225358150169,0.3204537963955443,0.0834226389129529,-1.1505811584748606,0.02043166503427687,1.0,1.0,0.9346146989981273,1.0,0.05286689213879244,5.699126400715189,16.098410213800406,5.04983417081831,13.736596729038581
11,1 h,50.0,59.59,0.42,16.31,17.1946482258194,26.53,23.54895998251323,-0.05281976910772279,0.11919451076374488,-0.3595864789792104,0.6321420949750209,0.2833640572649409,0.05922629196928868,-0.4315257106849995,0.29820072908297723,1.0,1.0,0.29231086771991704,1.0,0.010038288267458593,17.596280920119426,23.794577642813355,17.596280920119426,23.794577642813355
12,0.5 h,10.0,37.95,0.448,14.7,12.371404711404843,17.38,17.935946397220846,0.1724597559128056,-0.03148675792993272,1.1740717053841252,-0.8185233952952753,0.2557659052291292,0.09259274427132752,1.5429805883325494,0.0827513783487518,1.0,1.0,1.7574852650040012,1.0,0.1377615023332393,11.35400830380645,16.836423479116977,12.558204337796536,17.482312832038286
13,NC,19.0,74.81,0.468,14.17,17.060768110379165,19.05,25.96532288492264,-0.18565451140244216,-0.3096948110370734,-1.2638989755078087,-0.31521568934625405,0.3969563685580543,0.15651761937389888,-1.668056116434217,-1.192383680704635,1.0,1.0,1.3793966133813733,1.0,0.12258618658506185,19.120245406463795,29.831412923588264,19.120245406463795,29.831412923588264
14,0.5 h,30.0,0.0,0.45,6.69,5.347157452213321,26.22,15.402229300156838,0.22404877177460247,0.5320102196422076,1.5252794611377163,0.9314878562495098,0.3204537963955443,0.0834226389129529,1.913219648829528,1.915294002190717,1.0,1.0,2.341282569678949,1.0,0.11641414847437068,4.869674934772202,13.587953574876035,5.04983417081831,13.736596729038581
15,1 h,50.0,12.42,0.42,9.84,10.931088997932374,16.62,23.164390531537766,-0.10515522000676025,-0.3320094192112255,-0.7158758159544205,-0.7238027238081866,0.23835820507271396,0.05057964942885747,-0.788041123628565,-1.0554019011845723,1.0,1.0,0.5575488094845313,1.0,0.015016846592903576,11.243466777882837,24.16531779562834,11.243466777882837,24.16531779562834
16,NC,10.0,0.0,0.48,3.13,3.05475716037625,9.63,8.7990807566244,0.024332904326483495,0.09023596925664457,0.16565357134094114,0.2141773740335236,0.6208476671873682,0.06998713925021939,0.26827350461715854,0.33829112108678483,1.0,1.0,0.056053186514050966,1.0,0.009902403134210343,2.937347564495307,8.403522813448712,2.937347564495307,8.403522813448712
17,5 h,36.6,49.88,0.442,16.9,18.848620400078097,16.88,25.69813454582562,-0.10912610096182673,-0.4202889143333488,-0.7429087834436552,-1.014864961899986,0.22609930318883686,0.07510798978240751,-0.8061889137602316,-1.3405593245874485,1.0,1.0,0.8536897791506196,1.0,0.019005641601757297,19.35149263984395,27.123074763047462,20.88417137696792,31.74480882171336
18,NC,50.0,16.88,0.471,8.62,9.237547612923123,17.52,17.878348312734516,-0.06919135589375713,-0.020247303724901577,-0.47104098450130893,0.21390801657515296,0.4357766958986993,0.04988977673858182,-0.621894972923513,-0.1856563987948561,1.0,1.0,0.20405092025879482,1.0,0.02383073652551774,9.733092944458862,18.771956402280054,9.733092944458862,18.771956402280054
19,0.5 h,10.0,38.23,0.45,10.04,12.41810739260088,20.67,17.96250528353774,-0.21257856678159115,0.14039682814590515,-1.4471925876757181,1.362648902068019,0.25615344193114875,0.0924330125075516,-1.7480454214465988,0.3096195603644079,1.0,1.0,2.666697121421543,1.0,0.08720202898671421,13.281891947962817,18.477539829154857,12.606251519401523,17.509551924239904
20,NC,48.55,72.0,0.428,16.54,16.622127687811975,27.52,24.586338669928,-0.004953111361877038,0.11272206300524346,-0.033719796672660514,0.4128515986074427,0.5048263939811779,0.11212348849373063,-0.06698982248656528,0.31046098897511587,1.0,1.0,0.09201256229243535,1.0,0.002904745704197079,16.774548946454154,24.383351012079515,16.774548946454154,24.383351012079515
21,5 h,10.0,0.0,0.42,4.0,3.763998013972803,12.82,10.842014848945054,0.06081266703430277,0.16757760107912523,0.4140005377835474,0.3335282448312902,0.3391191005706552,0.082587809336409,0.4892461645779735,0.5629086316379692,1.0,1.0,0.1714874157974038,1.0,0.010007231545380831,3.6584258191822996,10.42241541852239,3.6584258191822996,10.42241541852239
22,5 h,50.0,0.0,0.48,8.86,7.968857347039856,13.88,22.95390947736969,0.10600565134794326,-0.5030393145181993,0.7216653833220082,-2.187286914186047,0.3194154395185832,0.08346908075090864,0.8607125181506214,-1.497287459818048,1.0,1.0,3.3713697917872794,1.0,0.067083878346278,7.61446002225183,23.35632074339125,7.61446002225183,23.35632074339125
23,1 h,27.8,32.63,0.48,12.82,12.678057738032688,23.9,19.346238385312894,0.011133689449983386,0.2113804570513893,0.07579594259873726,0.690250639848496,0.194359812611253,0.09432534971975702,0.07518388109273261,0.6493602782667378,1.0,1.0,0.24818263866445842,1.0,0.004504012172672529,12.65970284228929,18.89964514043373,12.339511590034666,19.02118368961713
24,5 h,42.805,0.0,0.44,8.02,6.96309580654673,19.9,20.056861839181654,0.14131424663500058,-0.007851599840785983,0.9620392749814193,-0.6082048251235859,0.2386335793591414,0.08708215265569236,1.203344314289127,0.0971587167384502,1.0,1.0,0.8375586100449218,1.0,0.05625437539520057,6.573834410608561,19.22944618778751,6.573834410608561,19.22944618778751
25,NC,44.0,63.75,0.466,22.2,18.412045658692893,36.04,25.645992079690046,0.18708718309289551,0.3402421275354355,1.2736523193297529,0.4156908392713209,0.32436105153081185,0.06324955237930241,1.5749656392275715,1.2219194156181705,1.0,1.0,1.2751452063017426,1.0,0.07945090652490629,16.961026208225498,23.33570681085563,16.961026208225498,23.33570681085563
26,1 h,25.4,29.51,0.42,12.96,11.590794024423337,24.42,18.35126491560915,0.11165652647794788,0.28570396382698693,0.7601354168998797,0.535846329284735,0.2037356439042989,0.09007090188643882,0.8378148290098385,0.9282023234461352,1.0,1.0,0.4911331504127712,1.0,0.01635429734191437,11.284785726456173,17.543543048067615,11.284785726456173,17.543543048067615
27,5 h,10.0,75.0,0.48,10.56,10.779484841265223,15.18,16.43974173012601,-0.020571497680985207,-0.07972290769079926,-0.14004666327390117,-0.19303256546579226,0.5481226878443886,0.15289928562967636,-0.18853610771638388,-0.2799292355735892,1.0,1.0,0.03730483901642316,1.0,0.0035751008321724368,11.006259691659547,16.989931801154842,11.006259691659547,16.989931801154842
28,5 h,36.6,49.83,0.442,20.82,18.850367583974148,17.75,25.703174323522195,0.09938164900685287,-0.37022898288639494,0.6765704933060177,-1.6976209401726836,0.22614721627211282,0.07521354158170528,0.7483315667186784,-1.0937792826410786,1.0,1.0,1.9297390927064626,1.0,0.03413698222120432,18.369694869266898,26.116080926273217,20.886398089375728,31.753657129771476
29,1 h,10.0,0.0,0.45,3.08,3.2013624645058174,7.64,9.221370268575866,-0.03864689236387164,-0.188126042498737,-0.26310035396541076,-0.496188233092359,0.40650944509421855,0.07957369007781301,-0.3501498358500397,-0.6280068200034068,1.0,1.0,0.18624138851840846,1.0,0.0104672712147607,3.2945349546086717,9.637317833708966,3.2945349546086717,9.637317833708966
30,1 h,50.0,0.0,0.45,5.83,6.777687103210872,14.0,19.52280100619804,-0.15061890817041235,-0.3325257352453659,-1.0253835594440865,-0.538724020967483,0.32044456871431704,0.08342305163278535,-1.2316429257058028,-1.140178266693246,1.0,1.0,0.8618864049217071,1.0,0.05102563848342382,7.232379511985615,21.227412889757115,7.232379511985615,21.227412889757115
