analysis,gain_SS0,gain_SS37.5,gain_SS75,"f7 [NC, RCF 30, SS 50]","f28 [NC, RCF 30, SS 50]","f7 [1 h, RCF 50, SS 0]","f28 [1 h, RCF 50, SS 0]","f7 [1 h, RCF 50, SS 50]","f28 [1 h, RCF 50, SS 50]","f7 [5 h, RCF 10, SS 75]","f28 [5 h, RCF 10, SS 75]",1h/NC ratio RCF50 SS0 7d,1h/NC ratio RCF50 SS0 28d,1h/NC ratio RCF10 SS75 7d,1h/NC ratio RCF10 SS75 28d,RCF50/10 ratio 1h SS0 7d,RCF50/10 ratio 1h SS0 28d,predR2_7,rmse_MPa_7,predR2_28,rmse_MPa_28,AICc,min_weight,downweighted_obs
"Primary: final model, ln scale, UN, 4-level carbonation",2.880451798512396,1.4552561704905689,1.525095305778678,18.267993090228185,24.900461075053503,6.777687103210875,19.52280100619803,18.67472553606158,25.454863815705583,10.779484841265218,16.439741730126002,1.5814862627535042,1.5814862627535065,0.5266244218622769,0.5266244218622771,2.1171258107622988,2.1171258107623,0.9104527947657558,2.1102456221346855,-0.059460613638035564,7.575074425574272,9.659402489794834,,
"Same terms, CS covariance (random intercept, equal variances)",2.8804517985124027,1.4552561704906386,1.5250953057786714,18.37525943590335,25.046672071082174,6.1236107775211535,17.63876567750074,18.03588824946947,24.584087102057186,10.306529399096421,15.718439605431822,1.297242493351194,1.297242493351194,0.6068240110001281,0.6068240110001277,1.7038833877610762,1.7038833877610762,0.8610959939721545,2.1921093484231546,0.009578939589815372,7.057131421612568,25.181504404771843,,
AICc-best model under CS: A C D Carb A2 C2 D2 KD Age D.Age D2.Age,2.8804517985123974,1.455256170490644,1.5250953057786687,17.534483331075887,23.900639632396295,4.542065185020249,13.083199831152122,13.430062235536033,18.306047099963568,8.345450270671828,12.727607032410925,1.0978842613504196,1.097884261350419,0.6274775682436106,0.6274775682436106,1.4483546677455617,1.4483546677455617,0.8256594650604072,2.774494466921129,0.3948816738621551,5.975331589034383,16.050466905124942,,
"Same terms, carbonation coded on/off (carbonated yes/no)",2.8804517985123828,1.4552561704906672,1.5250953057786496,18.301892627488733,24.946668346091727,7.229643826792136,20.824640563487346,19.357446364472942,26.38545664706079,10.272941326908157,15.667214594207124,1.646795450474101,1.646795450474101,0.5883349418029663,0.5883349418029663,1.9806673663590282,1.9806673663590282,0.9093601488306988,2.015337380982469,0.041072020212037486,7.168508933580668,8.830021712743536,,
"Same terms, carbonation coded log2(1+h) duration",2.880451798512406,1.4552561704906193,1.5250953057786822,17.01289620995583,23.1896825095992,6.202847334479985,17.86700276050075,18.807383155022148,25.63568476636701,9.364697395042345,14.282056037216922,1.255417808078134,1.255417808078134,0.8147872464157963,0.8147872464157963,1.7962756442051835,1.7962756442051844,0.8822674397792125,2.249872078858915,0.012038667961531857,7.129298854015489,12.47677600266386,,
"Same terms, carbonation coded numeric duration",2.880451798512403,1.4552561704906102,1.5250953057786754,16.756470505401904,22.84015761962614,5.866444948626073,16.89801190314397,18.41663080644867,25.103063936175925,9.652109320501133,14.720386615558876,1.1081223154164093,1.1081223154164093,0.9150537910885047,0.9150537910885047,1.7000446208252318,1.7000446208252322,0.875929805867447,2.321971335830847,0.036368725143799074,7.043168833111919,15.633869843385218,,
AICc-best model with log-duration coding: A D Carb AD A2 D2 KA KD Age D.Age Carb.Age D2.Age,3.371826594733264,1.667277258368894,1.7259847545296119,18.516717504446703,28.769179611684713,5.829515265156242,17.262602413028713,17.39501176627543,23.735413170195223,9.069271872305888,11.190247768455064,1.2409564882062858,1.089846029989355,0.8152676831800102,0.7159930717447153,1.7331025984261585,1.7331025984261585,0.8599284700772543,2.4179981420019097,0.060264771085976276,6.5303317166034125,8.215581303612678,,
"Same terms, raw MPa scale",4.698172443920415,1.4325152286602434,1.4224869424622248,17.827161614078562,24.526293730329403,6.331314784579931,16.248589620404115,16.727613670588706,23.426745786839547,11.035209529850905,18.304001708978795,2.1457083654595217,1.2627166008406108,0.5480677094865661,0.6855003864237489,2.7278442218115293,1.3276867459418202,0.8017994211351642,2.3643841906382304,0.07689083529895713,6.366517052570231,,,
"Same terms, Box-Cox lambda = -0.5",2.55872354142905,1.4383979616036453,1.6418044042462265,19.066335257569097,25.08460774022614,6.380177016438752,23.300331437857185,20.823712932982527,27.763408054970053,10.406572160757177,15.363732474113968,1.3757425926153053,1.7701083615112576,0.5311186203255774,0.4542385998810632,1.8312206802469977,2.8056958595440946,0.8733012199594395,2.396386136932352,-0.561429074806056,9.326327509857938,,,
"Same terms, Box-Cox lambda = +0.5",3.460875733199254,1.4486408418268983,1.461146403612436,17.92292015256935,24.669721264217404,6.584291019520816,17.124175296539317,17.34849661051984,23.994988483306546,10.969563187758542,17.385826731683046,1.7142539883827297,1.372697967647083,0.5505840835651254,0.6188009877949235,2.219122016628589,1.5775617347253201,0.9052069191567009,2.0983605571155954,0.1768951763429384,6.653749039307338,,,
Selection repeated on lambda = -0.5 scale (CS): A C D Carb AD A2 C2 D2 KD Age A.Age D.Age AD.Age D2.Age,2.583236558230046,1.383169255788198,1.6536001893535552,17.499361545411723,22.288679033225073,5.523597710018594,12.154327972761479,13.653720068756027,15.285396577028958,9.11614342476939,12.637115053149994,1.1009041076122368,1.15141836413626,0.6527160743185384,0.6021630134512268,1.8351107998587797,1.3920677603483784,0.852326980804894,2.696691433834566,0.2528711160035233,6.769621690508884,,,
"Same terms, single-specimen means down-weighted (n = 1 vs 3)",2.9061901851785756,1.450068090275508,1.5211332871637133,18.26685533900492,24.781141575167062,6.767345980975175,19.667194469617733,18.6682902991446,25.325735398013034,10.77048379863542,16.383341424961817,1.5768982696911493,1.5768982696911502,0.527813343274307,0.5278133432743072,2.109468370207126,2.109468370207127,,,,,,,
"Same terms, each mean weighted by its own specimen scatter (CV²/n added to the variance)",2.8928225669862124,1.466767178920608,1.5305837245668712,17.999726981101393,24.715187036516053,6.982547945236349,20.199272271042915,18.93095815329573,25.993848241721114,10.777311311452564,16.49557728789974,1.6601946961972893,1.6601946961972893,0.5035534974267145,0.5035534974267143,2.2675977744762195,2.2675977744762186,0.907381840654155,2.202866906050514,-0.18172637399830993,8.05715030241363,12.673089627027272,,
"Same terms, Huber robust M-estimation (whitened)",2.9095600917169993,1.4271647256510163,1.542518971924233,18.35553914981713,24.62465146086028,6.729618639958797,19.580229827298933,18.673911593264855,25.051760160346273,10.797465563211155,16.655295479951782,1.5705952759962174,1.5705952759962174,0.5279633962878241,0.5279633962878243,2.1005942697746915,2.1005942697746915,,,,,,0.5265850837102309,7.0
"Same terms, mix 4 excluded (largest Cook's D); re-selection gives the same model",2.86710220170055,1.471070249765765,1.3936304502219095,18.73394331859709,25.28380699052133,6.579016737744065,18.862713373810788,18.609585671311738,25.115970742792495,9.770649285836178,13.616674363180252,1.5742878236677207,1.5742878236677205,0.4827003544083621,0.4827003544083621,2.085964774681436,2.0859647746814365,0.904004401251781,2.1416902656125947,0.07366431086468483,7.073325514162135,,,
"Same terms, mix 7 excluded (largest |deleted t|); re-selection gives the same model",2.802028721877235,1.380201370919831,1.5626103631048214,17.830421809773785,23.383723530948874,6.734391459180181,18.86995829298761,18.462109695525665,24.212151205619744,10.863410518595149,16.975277855018703,1.5663883290417988,1.5663883290417984,0.5555132982790025,0.5555132982790028,2.0638553091227254,2.0638553091227254,0.9059111069998202,2.1071053441541174,0.09630242824489099,6.408943469208783,,,
"Final terms, every term interacting with age (age-specific coefficients)",3.6658948516565,1.5157429609092494,1.5340398072106158,18.277152988193425,25.1811153306797,6.719048478478439,16.075629748897185,18.619151760366137,23.813966038548564,10.73815317881842,15.086631490865303,1.5548842337760849,1.0822915622914913,0.5330550910608717,0.6908017323188932,2.0781258266510094,1.3970369656426609,0.9112571687861925,2.084495116550452,-0.17050109953070347,7.31022114844996,25.00919127183823,,
"Backward elimination (alpha 0.10, UN): A C D Carb AD C2 D2 KA KD Age C.Age D.Age Carb.Age C2.Age D2.Age",2.8463345751275027,1.3396915210201874,1.490030349383981,17.272471454805277,21.790100516508208,6.218201265895572,15.128410974243923,17.031413232702857,18.365300004889544,10.128166490730287,11.377078590370663,1.5004243639332344,1.2824980055282909,0.5230131419620206,0.44704906662074484,2.069732146724319,2.0697321467243195,0.9107501647449087,2.196596962020489,0.1960797645278346,7.19022025844751,20.418528181285037,,
Separate per-age OLS models (AICc): 7 d = A D Carb AD D2 KA KD; 28 d = A C D Carb A2 C2,4.42191975004691,1.332799317668793,1.5579190663071543,18.277152988193063,22.073122410502986,6.719048478478452,11.411778668821022,18.619151760365945,15.567069412671344,10.738153178818482,13.667057249083733,1.5548842337761,0.7976019064600922,0.5330550910608769,0.7976019064600922,2.0781258266510125,1.3517346889430855,0.9112571687861937,2.0844951165504426,0.42975960720110495,5.442165971963831,,,
