SS,est,se,df,lo,hi,p,ratio_est,ratio_lo,ratio_hi,boot_case_lo,boot_case_hi
0.0,1.057947156327811,0.0882246697342677,27.000002561589508,0.8769250874642448,1.2389692251913769,2.5222111368230757e-12,2.8804517985123974,2.4034977866475917,3.452053340613222,2.437690579344721,3.331951283282629
2.5,0.9897295594706973,0.07949419083423793,27.00000256288835,0.8266209535585446,1.15283816538285,1.0632291187333e-12,2.690506751881072,2.285582587506412,3.1671691154312,2.32331316421184,3.0698348509200266
5.0,0.924754807793089,0.07342291566668416,27.000002562466324,0.7741034294882334,1.0754061860979447,8.136925890458099e-13,2.521249993714031,2.1686469104314297,2.931183264655288,2.200606569377886,2.8579440488510404
7.5,0.8630229012949859,0.07000535655716575,27.00000256118619,0.719383775031457,1.006662027558515,1.3357418474193877e-12,2.370315103316054,2.053167607591435,2.736451553314305,2.08042427819889,2.6702520854432334
10.0,0.8045338399763879,0.06898520843493401,27.0000025582419,0.6629878847513714,0.9460797952014045,4.7542727648571575e-12,2.2356540833123795,1.9405819159090272,2.575592990564396,1.971890108972121,2.5293410641234715
12.5,0.7492876238372954,0.06988205323855994,27.000002555839817,0.6059014950832138,0.892673752591377,3.115683074735537e-11,2.1154924533042316,1.8329038180951447,2.441649297581881,1.8709313913978405,2.3951798596536262
15.0,0.697284252877708,0.07211185834823543,27.000002552863894,0.5493229419732922,0.8452455637821238,2.9056104823803535e-10,2.0082912836298235,1.7320799021778432,2.3285495518031865,1.767650871394708,2.2859647854016765
17.5,0.6485237270976258,0.07511558801900564,27.00000255059704,0.4943992720181274,0.8026481821771243,3.005193114729618e-09,1.912715054315143,1.6395130418080348,2.231442376920195,1.6737715252784897,2.1943690985459487
20.0,0.603006046497049,0.07843166040480024,27.000002548462515,0.44207757293099936,0.7639345200630987,2.867596721820149e-08,1.8276044151032642,1.555936434302416,2.1467058836516366,1.5901503117341733,2.1106564073621255
22.5,0.5607312110759773,0.08171147066260706,27.000002546708505,0.39307312276390616,0.7283892993880485,2.2592064990892273e-07,1.7519530795485359,1.4815267186970167,2.0717409643742655,1.5148787204570668,2.035944155175901
25.0,0.5216992208344109,0.08470528364723347,27.00000254574645,0.3478983357066694,0.6955001059621524,1.3930274699399786e-06,1.6848882158037835,1.416088276807739,2.004711391407052,1.44689511959712,1.9725824550261217
27.5,0.4859100757723496,0.0872404541832549,27.000002545076992,0.3069074503970588,0.6649127011476405,6.619603522093683e-06,1.6256538039755788,1.3592151674266135,1.9443207769552469,1.391624694832307,1.9163199206370203
30.0,0.4533637758897937,0.08920203263128358,27.000002544673176,0.2703363240119915,0.6363912277675959,2.440532262000056e-05,1.573596518881338,1.310405097328746,1.8896492460867236,1.342305348980972,1.8665682696443286
32.5,0.42406032118674303,0.09051849871138581,27.0000025443028,0.23833170404366869,0.6097889383298174,7.105633692348121e-05,1.5281537710529038,1.2691300985986247,1.8400429952467454,1.3010511995726084,1.8153544006424074
35.0,0.39799971166319753,0.09115247829516561,27.000002544151346,0.2109702758689849,0.5850291474574102,0.00016693321576087842,1.4888436006188126,1.2348756489102923,1.7950433058257023,1.2634340999087925,1.7725789333153494
37.5,0.3751819473191573,0.09109562289101902,27.00000254406446,0.18826916917765696,0.5620947254606576,0.00032320343168264784,1.4552561704905682,1.2071584014572025,1.7543435221048373,1.2342939170848233,1.732877005606754
40.0,0.35560702815462236,0.09036697053667672,27.00000254438046,0.17018932114317675,0.541024735166068,0.0005252775168514681,1.4270466489071745,1.1855292758333127,1.717766216043682,1.2119988024235442,1.6967717489572187
42.5,0.3392749541695926,0.08901446115715518,27.00000254450752,0.15663236716467874,0.5219175411745064,0.0007272414699286035,1.4039293083663538,1.1695655641511098,1.685256101329066,1.1940532093969736,1.6617323497455379
45.0,0.3261857253640681,0.08711963066361637,27.000002545088382,0.1474310093723904,0.5049404413557458,0.0008674318309674194,1.3856726995422304,1.1588533320531007,1.656886835588501,1.185365447087818,1.6327838679328053
47.5,0.31633934173804884,0.08480573490891172,27.000002546034015,0.14233234764717292,0.49034633582892473,0.0008996125647455018,1.3720957860034237,1.1529597683352881,1.6328816474547334,1.175508302979419,1.6119880888417668
50.0,0.30973580329153483,0.08224944704106173,27.00000254763981,0.1409738786341488,0.47849772794892087,0.0008195989487815144,1.3630649492840639,1.151394571593084,1.6136484414687577,1.175107823598758,1.594791245864236
52.5,0.30637511002452605,0.07969535316772522,27.00000254919327,0.14285375309571005,0.4698964669533421,0.0006671354947566317,1.358491794875323,1.1535610845916053,1.5998285495188478,1.17919951352736,1.5824597074320013
55.0,0.3062572619370225,0.07746987796374914,27.000002551548473,0.1473022029258709,0.4652123209481741,0.0005007774924238451,1.358331708648521,1.158704073886275,1.5923522427358792,1.1832356452007857,1.5724521751980634
57.5,0.3093822590290242,0.0759861754444353,27.0000025545747,0.15347150611173566,0.4652930119463128,0.00036614675143079717,1.3625831306689373,1.1658745663491963,1.5924807364118057,1.189318242381701,1.567194320030341
60.0,0.31575010130053116,0.07572530965340234,27.00000255797098,0.16037460077253465,0.4711256018285277,0.00028211800899077913,1.371287529834158,1.1739505514178337,1.601796163567185,1.202920821953682,1.5672123160234792
62.5,0.32536078875154334,0.07717945903472864,27.000002561145752,0.16700162016151843,0.48371995734156825,0.00024961417900353227,1.3845300787590593,1.1817561799426974,1.6220973255934377,1.212788109240042,1.5738579584305135
65.0,0.33821432138206076,0.08076228827920014,27.000002563565936,0.172503794446215,0.5039248483179065,0.0002688479254301795,1.4024410443008735,1.1882763294570546,1.655204967045342,1.2285815032189258,1.597130458624062
67.5,0.35431069919208347,0.08672577466314119,27.000002565147454,0.17636410896390114,0.5322572894202657,0.00035293196555378245,1.4251979255410172,1.1928723150902545,1.7027716221352118,1.2350956814482172,1.6286342831820229
70.0,0.37364992218161136,0.0951330809485909,27.00000256544222,0.17845296443233113,0.5688468799308916,0.0005357560475707366,1.453028388400625,1.1953666572018824,1.7662292023773143,1.2363217182640378,1.6748747109972864
72.5,0.3962319903506445,0.1058979020717573,27.000002565100154,0.17894744421447045,0.6135165364868185,0.0008730501229877528,1.4862140648828612,1.195957888009906,1.8469147357112812,1.2413378131534407,1.73670701049901
75.0,0.42205690369918286,0.11885423919211142,27.00000256396814,0.1781881497953568,0.6659256576030089,0.0014322133049646218,1.5250953057786785,1.1950501485244192,1.9462912870895592,1.2443461241396505,1.8186911928933367
