carbonation,SS,age,ratio,lo,hi,p,f_RCF50,f_RCF10,diff_MPa
NC,0,7,1.4029409765748588,1.0221344361379174,1.925620851978851,0.03735340478285175,4.2856439937773025,3.054757160376253,1.2308868334010494
NC,0,28,1.4029409765748588,1.0221344361379174,1.925620851978851,0.03735340478285175,12.34459094965968,8.7990807566244,3.5455101930352804
NC,25,7,1.2113113122570993,0.9265324018866916,1.5836198412642812,0.15129002800181504,12.113657155444018,10.000449127212404,2.1132080282316146
NC,25,28,1.2113113122570993,0.9265324018866916,1.5836198412642812,0.15129002800181504,20.4101581914948,16.8496388871854,3.560519304309402
NC,50,7,1.04585661100599,0.7997731142516417,1.367657941100499,0.7310044508601266,18.682152448848942,17.86301511339965,0.819137335449291
NC,50,28,1.04585661100599,0.7997731142516417,1.367657941100499,0.7310044508601266,25.464987180207416,24.34844978960656,1.1165373906008575
NC,75,7,0.9030015981166478,0.6574724184959618,1.2402221952771213,0.5100730576784,15.72066787746344,17.40934668360651,-1.6886788061430718
NC,75,28,0.9030015981166478,0.6574724184959618,1.2402221952771213,0.5100730576784,23.975516783625135,26.550912903841873,-2.5753961202167375
0.5 h,0,7,2.1171258107623,1.6897759149061342,2.6525539031871634,9.745318840122422e-07,7.780299331665154,3.674934806478859,4.105364525186295
0.5 h,0,28,2.1171258107623,1.6897759149061342,2.6525539031871634,9.745318840122422e-07,22.410777202859684,10.585472572737839,11.825304630121845
0.5 h,25,7,1.8279446440496911,1.5192065432093056,2.1994255071146043,1.2999558288507458e-06,17.48382449714389,9.564745056179394,7.919079440964495
0.5 h,25,28,1.8279446440496911,1.5192065432093056,2.1994255071146043,1.2999558288507458e-06,29.458289862419228,16.115526232324154,13.342763630095074
0.5 h,50,7,1.5782631361462842,1.2729767581787665,1.9567635551194416,0.00025874072245312806,21.437247307922757,13.582809366166305,7.854437941756451
0.5 h,50,28,1.5782631361462842,1.2729767581787665,1.9567635551194416,0.00025874072245312806,29.220360414563647,18.514251359828577,10.70610905473507
0.5 h,75,7,1.3626859735751338,1.0149729853576612,1.8295196910330196,0.04044702308411286,14.341482432299529,10.524422141568918,3.817060290730611
0.5 h,75,28,1.3626859735751338,1.0149729853576612,1.8295196910330196,0.04044702308411286,21.872127535407383,16.050746804139923,5.82138073126746
1 h,0,7,2.1171258107623,1.6897759149061342,2.6525539031871634,9.745318840122422e-07,6.777687103210869,3.2013624645058174,3.576324638705052
1 h,0,28,2.1171258107623,1.6897759149061342,2.6525539031871634,9.745318840122422e-07,19.522801006198048,9.221370268575866,10.301430737622182
1 h,25,7,1.8279446440496911,1.5192065432093056,2.1994255071146043,1.2999558288507458e-06,15.230762565497963,8.332179322320838,6.898583243177125
1 h,25,28,1.8279446440496911,1.5192065432093056,2.1994255071146043,1.2999558288507458e-06,25.662132364312928,14.038790752142338,11.62334161217059
1 h,50,7,1.5782631361462842,1.2729767581787665,1.9567635551194416,0.00025874072245312806,18.67472553606158,11.832453732436841,6.8422718036247385
1 h,50,28,1.5782631361462842,1.2729767581787665,1.9567635551194416,0.00025874072245312806,25.454863815705593,16.128402946710064,9.326460868995529
1 h,75,7,1.3626859735751338,1.0149729853576612,1.8295196910330196,0.04044702308411286,12.493360008234857,9.168187132254225,3.3251728759806323
1 h,75,28,1.3626859735751338,1.0149729853576612,1.8295196910330196,0.04044702308411286,19.053564701962056,13.9823591579014,5.071205544060657
5 h,0,7,2.1171258107623,1.6897759149061342,2.6525539031871634,9.745318840122422e-07,7.968857347039863,3.7639980139728046,4.204859333067059
5 h,0,28,2.1171258107623,1.6897759149061342,2.6525539031871634,9.745318840122422e-07,22.95390947736969,10.842014848945054,12.111894628424638
5 h,25,7,1.8279446440496911,1.5192065432093056,2.1994255071146043,1.2999558288507458e-06,17.90755051433243,9.796549678145306,8.111000836187126
5 h,25,28,1.8279446440496911,1.5192065432093056,2.1994255071146043,1.2999558288507458e-06,30.172220835509673,16.50609110824336,13.666129727266313
5 h,50,7,1.5782631361462842,1.2729767581787665,1.9567635551194416,0.00025874072245312806,21.956785777481052,13.911993047682735,8.044792729798317
5 h,50,28,1.5782631361462842,1.2729767581787665,1.9567635551194416,0.00025874072245312806,29.928525092223254,18.962950097979903,10.965574994243351
5 h,75,7,1.3626859735751338,1.0149729853576612,1.8295196910330196,0.04044702308411286,14.68905279555789,10.779484841265218,3.9095679542926725
5 h,75,28,1.3626859735751338,1.0149729853576612,1.8295196910330196,0.04044702308411286,22.4022054648405,16.439741730126002,5.962463734714497
