mix,RCF,SS,AB,carbonation,prediction_ln,base_ln,SHAP_ln_RCF,SHAP_ln_SS,SHAP_ln_A/B,SHAP_ln_Carbonation,prediction_MPa,base_MPa,SHAP_MPa_RCF,SHAP_MPa_SS,SHAP_MPa_A/B,SHAP_MPa_Carbonation
1,10.0,38.24,0.45,0.5 h,2.913783589088554,2.890828550468152,-0.24696902766170373,0.037327647631242,-0.15538024019646657,0.3879766588473299,18.426384709447863,18.767437770263133,-4.908650329536795,0.4218248473156668,-3.168459925103022,7.314232346508884
2,50.0,74.98,0.476,1 h,3.003404803745625,2.890828550468152,0.054419694713426225,0.26549165173037115,-0.052264834495251024,-0.15507025867107338,20.154040789468223,18.767437770263133,0.8795649278276866,4.931556539112787,-1.2135198100566336,-3.210998637678747
3,10.0,0.0,0.467,5 h,2.1627104423897605,2.890828550468152,-0.24696902766170395,-0.20015170775119367,-0.14189059047043245,-0.1391067821950617,8.694672157584412,18.767437770263133,-3.3606979814721294,-2.82276320815695,-1.9896638209764326,-1.899640602073206
4,16.8,75.0,0.42,1 h,3.277981158580728,2.890828550468152,-0.04122752435232905,0.2656158564141492,0.3178345347218301,-0.1550702586710735,26.522174550484547,18.767437770263133,-1.1759863911986281,5.702538124739663,7.004644012721989,-3.776458966041603
5,10.0,67.53,0.434,NC,2.952202102451601,2.890828550468152,-0.2469690276617035,0.219225407023281,0.018041761201434525,0.0710754114204386,19.148073354622298,18.767437770263133,-4.948703023133621,3.927498812310137,0.15982479750168996,1.2420149976809556
6,36.6,49.88,0.442,5 h,2.967502078592266,2.890828550468152,0.19739455105323353,0.10961477358970291,-0.09122901432376107,-0.13910678219506206,19.44329107319373,18.767437770263133,3.6256654281476095,1.8306268284995537,-1.9458953623196964,-2.834543591396869
7,18.2,16.38,0.419,NC,3.2012859902735356,2.890828550468152,-0.006725651361473998,-0.09842807173748334,0.3445357514839016,0.07107541142043858,24.564099086619834,18.767437770263133,-0.3714006957898143,-2.4807668665462854,7.269763063550114,1.379065815142694
8,27.8,32.39,0.479,1 h,2.884644550265886,2.890828550468152,0.15758819000622368,0.000997777626345564,-0.009699709163761283,-0.155070258671073,17.89720490805333,18.767437770263133,2.739222020140833,-0.25376228072917095,-0.35097677532190874,-3.004715826299557
9,43.95,0.0,0.442,NC,2.8199276418106107,2.890828550468152,0.14940440199697447,-0.2001517077511937,-0.09122901432376115,0.0710754114204383,16.775636773519867,18.767437770263133,2.510897339762657,-3.854007675236978,-1.8169170693895593,1.1682264081206157
10,30.0,0.0,0.45,0.5 h,3.100750225839117,2.890828550468152,0.17747696447129507,-0.2001517077511933,-0.15538024019646643,0.38797665884733007,22.214611006565164,18.767437770263133,3.496371521598914,-4.529257360684493,-3.5016862820159207,7.981745357403534
11,50.0,59.59,0.42,1 h,3.2779286687959774,2.890828550468152,0.054419694713426336,0.1699161475636434,0.31783453472182993,-0.1550702586710737,26.520782443787283,18.767437770263133,1.0121671590196384,3.526379610677429,6.979975248281655,-3.7651773444545666
12,10.0,37.95,0.448,0.5 h,2.9237904698620367,2.890828550468152,-0.24696902766170353,0.035526679716469535,-0.14357239150821094,0.3879766588473302,18.611701016993216,18.767437770263133,-4.932820625422223,0.38940433346439046,-2.957509354463922,7.3451888931518425
13,19.0,74.81,0.468,NC,3.1033729262708567,2.890828550468152,0.011785197457140238,0.26443591191826243,-0.13475214499313787,0.07107541142043865,22.27294974552041,18.767437770263133,0.033698233316460297,5.148915920310998,-3.0078002443632768,1.3306980659931074
14,30.0,0.0,0.45,0.5 h,3.100750225839117,2.890828550468152,0.17747696447129507,-0.2001517077511933,-0.15538024019646643,0.38797665884733007,22.214611006565164,18.767437770263133,3.496371521598914,-4.529257360684493,-3.5016862820159207,7.981745357403534
15,50.0,12.42,0.42,1 h,2.9849919221069214,2.890828550468152,0.054419694713426704,-0.1230205991254123,0.3178345347218299,-0.15507025867107338,19.786342403766426,18.767437770263133,0.8756686767012671,-2.696757887534152,6.044876238879251,-3.2048823945430764
16,10.0,0.0,0.48,NC,2.5206818783490688,2.890828550468152,-0.24696902766170378,-0.20015170775119376,0.00589865187337546,0.07107541142043852,12.437074344596834,18.767437770263133,-3.9753079875085384,-3.330023698023254,-0.05697514117663468,1.0319434010421302
17,36.6,49.88,0.442,5 h,2.967502078592266,2.890828550468152,0.19739455105323353,0.10961477358970291,-0.09122901432376107,-0.13910678219506206,19.44329107319373,18.767437770263133,3.6256654281476095,1.8306268284995537,-1.9458953623196964,-2.834543591396869
18,50.0,16.88,0.471,NC,2.811893851177638,2.890828550468152,0.0544196947134267,-0.09532295464304695,-0.1091068507813316,0.07107541142043897,16.641404737945532,18.767437770263133,0.7942331684395786,-1.9618355467396629,-2.1194178294405406,1.160987175423028
19,10.0,38.23,0.45,0.5 h,2.913721486746665,2.890828550468152,-0.24696902766170375,0.03726554528935352,-0.15538024019646637,0.3879766588473302,18.42524042333665,18.767437770263133,-4.908489863008589,0.42062819203738133,-3.168357942729882,7.314022266774611
20,48.55,72.0,0.428,NC,3.4202430960451613,2.890828550468152,0.08174943300425838,0.24698515384753456,0.12960454730477666,0.07107541142043845,30.57684722827821,18.767437770263133,1.741883084929903,5.624267196467697,2.910802138837435,1.5324570377800433
21,10.0,0.0,0.42,5 h,2.6224355675820226,2.890828550468152,-0.24696902766170412,-0.20015170775119356,0.31783453472182943,-0.13910678219506195,13.769218641336263,18.767437770263133,-4.215651506949552,-3.5270278911942223,5.150556945642384,-2.4060966764254834
22,50.0,0.0,0.48,5 h,2.6118884071086983,2.890828550468152,0.054419694713426406,-0.20015170775119376,0.0058986518733751625,-0.13910678219506184,13.62475565906264,18.767437770263133,0.7309086838017442,-3.466003052907895,-0.05238049986606959,-2.3552072422282713
23,27.8,32.63,0.48,1 h,2.901733367508352,2.890828550468152,0.15758819000622332,0.002488233831674698,0.005898651873375496,-0.15507025867107307,18.20567516098218,18.767437770263133,2.761645705900276,-0.228015947789426,-0.0629471071746345,-3.032445260217163
24,42.805,0.0,0.44,5 h,2.6451715258545176,2.890828550468152,0.16174274355500423,-0.20015170775119362,-0.06814127822238272,-0.13910678219506167,14.085860965264049,18.767437770263133,2.527402503570943,-3.532313758084823,-1.2771350623055207,-2.3995304881796864
25,44.0,63.75,0.466,NC,3.1581553588328584,2.890828550468152,0.1488247181393282,0.1957507217893474,-0.14832404298440777,0.0710754114204386,23.52715671468242,18.767437770263133,2.948404110039577,3.8361725840546708,-3.3881219993288916,1.3632642496539267
26,25.4,29.51,0.42,1 h,3.165040929802446,2.890828550468152,0.12833580012114165,-0.016887696837603862,0.3178345347218294,-0.1550702586710735,23.689713628287087,18.767437770263133,2.5400167629935404,-0.6760394203872044,6.5920321791277,-3.533733663710074
27,10.0,75.0,0.48,5 h,2.7762672488989106,2.890828550468152,-0.24696902766170392,0.26561585641414853,0.005898651873375127,-0.1391067821950619,16.058964811871814,18.767437770263133,-4.527016409801666,4.4507166078410005,-0.05477430088750834,-2.5773988555431435
28,36.6,49.83,0.442,5 h,2.9671915668828226,2.890828550468152,0.19739455105323353,0.10930426188025939,-0.09122901432376107,-0.13910678219506206,19.437254640885342,18.767437770263133,3.6251042288858817,1.8243447463269884,-1.9455741704471425,-2.834057934143514
29,10.0,0.0,0.45,1 h,2.1332573161877146,2.890828550468152,-0.24696902766170364,-0.20015170775119348,-0.1553802401964663,-0.15507025867107344,8.442321383158276,18.767437770263133,-3.3177626640875344,-2.7873133393948377,-2.1383501583395397,-2.0816902252829417
30,50.0,0.0,0.45,1 h,2.4346460385628443,2.890828550468152,0.054419694713426475,-0.20015170775119376,-0.15538024019646626,-0.15507025867107355,11.411778668821016,18.767437770263133,0.6775969730860513,-3.190355877564114,-2.4484301244998847,-2.3944700724641717
