rank,AICc,dAICc,n_coef,R2_ln,adjR2_ln,terms,labels
1,12.115487996847051,0.0,9,0.7464517204892942,0.649861899723311,A C D Carb A2 C2,"RCF, A/B, SS, Carb, RCF², (A/B)²"
2,13.874680564344217,1.7591925674971662,10,0.7730786763415858,0.6709640806952994,A C D Carb A2 C2 KD,"RCF, A/B, SS, Carb, RCF², (A/B)², K·SS"
3,14.569875059379655,2.4543870625326036,10,0.7677587933452754,0.6632502503506494,A C D Carb AC A2 C2,"RCF, A/B, SS, Carb, RCF·A/B, RCF², (A/B)²"
4,15.953863397086991,3.83837540023994,5,0.5100062912171266,0.4316072978118669,A C D A2,"RCF, A/B, SS, RCF²"
5,16.129675244812688,4.014187247965637,10,0.7553643758953492,0.6452783450482564,A C D Carb A2 C2 KC,"RCF, A/B, SS, Carb, RCF², (A/B)², K·A/B"
6,16.145204019387123,4.029716022540072,10,0.7552377134009691,0.6450946844314052,A C D Carb A2 C2 D2,"RCF, A/B, SS, Carb, RCF², (A/B)², SS²"
7,16.994545446056335,4.879057449209284,11,0.7916839540910261,0.6820439299284082,A C D Carb A2 C2 D2 KD,"RCF, A/B, SS, Carb, RCF², (A/B)², SS², K·SS"
8,17.05644457922739,4.940956582380338,10,0.747689072539222,0.6341491551818719,A C D Carb AD A2 C2,"RCF, A/B, SS, Carb, RCF·SS, RCF², (A/B)²"
9,17.072950993621347,4.9574629967742965,11,0.7911388042335752,0.6812118590933516,A C D Carb AC A2 C2 KD,"RCF, A/B, SS, Carb, RCF·A/B, RCF², (A/B)², K·SS"
10,17.148709805320806,5.033221808473755,10,0.7469118938834769,0.6330222461310415,A C D Carb CD A2 C2,"RCF, A/B, SS, Carb, A/B·SS, RCF², (A/B)²"
11,17.196245883908887,5.080757887061836,10,0.7465105487911837,0.6324402957472164,A C D Carb A2 C2 KA,"RCF, A/B, SS, Carb, RCF², (A/B)², K·RCF"
12,17.36541660312369,5.24992860627664,3,0.371595884348906,0.32504743133771374,C D,"A/B, SS"
13,17.557560691602944,5.442072694755893,6,0.5390799399823022,0.4430549274786152,A C D AC A2,"RCF, A/B, SS, RCF·A/B, RCF²"
14,17.5869576311443,5.47146963429725,8,0.645549693611176,0.5327700506692774,A C D Carb A2,"RCF, A/B, SS, Carb, RCF²"
15,17.782288688716037,5.6668006918689855,4,0.42151505314992943,0.3547667900518443,C D D2,"A/B, SS, SS²"
