cv,procedure,distinct_models,Q2_ln_7,Q2_MPa_7,RMSE_MPa_7,MAE_MPa_7,Q2_ln_28,Q2_MPa_28,RMSE_MPa_28,MAE_MPa_28
leave one mixture out,"Bivariate, per-age AICc selection (final procedure)",3,0.9193815627851716,0.8644612060001082,1.9406625747505746,1.5447648930823419,0.3153098679213838,0.246735751164744,5.599572744142059,3.9884226048097937
leave one mixture out,"Shared-effects paired model, AICc (UN)",2,0.9107252266914864,0.8602084023004803,1.9708735286536578,1.5016608319375917,-0.06323622098323933,-0.3270401878828224,7.43230033166918,5.616271206613439
leave one mixture out,"Shared-effects paired model, AICc (CS + UN; earlier protocol)",3,0.8998074196336422,0.8563951711243357,1.9975733898576602,1.4993875973458712,-0.001726924987625278,-0.26257866458984114,7.249539762993592,5.605544394137223
leave one mixture out,Full candidate model at both ages (no selection),1,0.8850267699352515,0.8279880360311764,2.1862385572097605,1.5895371353255867,-0.3079947603629505,-0.7858197835217138,8.621841367817066,6.534383718949135
leave one mixture out,SS + SS² only at both ages (reference),1,0.7583647545137875,0.7613645850235341,2.575050023737898,1.9553737702133767,0.19094207413711262,0.1010736978075214,6.117067278278281,4.603238725615517
leave one mixture out,"Final model, terms fixed (not a nested estimate)",1,0.9228921831496276,0.8728426822860038,1.8797015574372116,1.5089241908235196,0.48663389524477363,0.3843523228279141,5.06229367283912,3.606679905795373
leave one mixture out,"Earlier shared-effects final model, terms fixed",1,0.919605846163716,0.8647333595488735,1.938713230268158,1.4685295848547575,-0.053944495497967315,-0.31816751793937326,7.407412259187448,5.518840979883454
leave one design point out,"Bivariate, per-age AICc selection (final procedure)",6,0.9277963572709708,0.8713481876216285,1.8907154649607558,1.4591184621471176,-0.23037688490751607,-0.40316196230785106,7.642494145240987,5.980957757577642
leave one design point out,"Shared-effects paired model, AICc (UN)",3,0.8927644952312528,0.7201956212201204,2.7883383727002635,1.8886863716598146,-0.582320467518137,-1.6126801297052449,10.428559763466984,7.215782343998127
leave one design point out,"Shared-effects paired model, AICc (CS + UN; earlier protocol)",4,0.8835494269763436,0.7267069500616725,2.755703677736308,1.8647103049534124,-0.5076278479377081,-1.503552686214797,10.208444707642636,7.167638275713783
leave one design point out,Full candidate model at both ages (no selection),1,0.8746692491867947,0.7264736911192022,2.7568794402126446,1.8544660718617252,-0.8645085356891473,-1.9793519241327773,11.136330618921809,8.349595189317563
leave one design point out,SS + SS² only at both ages (reference),1,0.7506681035520624,0.7414576792838936,2.6803039324034095,2.07077167170715,0.12889071742705305,0.03788073395577396,6.328425455877276,4.8360307542128425
leave one design point out,"Final model, terms fixed (not a nested estimate)",1,0.9294352665116659,0.8749108676694342,1.8643524259369044,1.4601900325434178,0.386151513047683,0.25765664036571356,5.558833001806327,4.128337902383184
leave one design point out,"Earlier shared-effects final model, terms fixed",1,0.9249342071726309,0.8522590440179814,2.02613638021343,1.4958155565205729,-0.21789886543434944,-0.6118144341760208,8.191034091315533,6.07701610539527
