term,coef,se,equation
1,1.0912339074986843,0.12398039472059606,7 d
RCF,0.008168464755740509,0.00328244071313923,7 d
SS,0.057565002059324896,0.003821211097640195,7 d
RCF·SS,-0.00013245470476707947,4.8255177917421e-05,7 d
SS²,-0.0004559307631362696,4.225294510502804e-05,7 d
C[0.5 h],0.058344009221407755,0.1329177777796324,7 d
C[1 h],-0.10174796240555262,0.14126548084976492,7 d
C[5 h],0.052004880861564184,0.135304659198012,7 d
K·RCF,0.009934317098501356,0.003274997864375348,7 d
K·SS,-0.00759159334423091,0.0017688868474493049,7 d
1,60.72972961075752,22.48588387619389,28 d
RCF,0.04250025570364845,0.01284648373618065,28 d
SS,0.00622330694208123,0.00138294204194169,28 d
A/B,-256.17396966472506,100.19713360641167,28 d
RCF²,-0.0005852590361182138,0.0002135850587619404,28 d
(A/B)²,279.4548935604297,111.27743067139295,28 d
C[0.5 h],0.2954402087658765,0.13851784196601158,28 d
C[1 h],-0.2009760643673695,0.10607938313087752,28 d
C[5 h],-0.21055948515899411,0.10650979817360201,28 d
1,59.63849570325882,22.47733237877834,gain
RCF,0.0343317909479079,0.013196271987646979,gain
SS,-0.051341695117243645,0.003933519752767272,gain
A/B,-256.17396966472484,100.19713360641167,gain
RCF·SS,0.00013245470474645293,4.8255177917543584e-05,gain
RCF²,-0.000585259036118148,0.00021358505876194032,gain
SS²,0.00045593076314751155,4.225294510504106e-05,gain
(A/B)²,279.4548935604294,111.27743067139295,gain
C[0.5 h],0.23709619954446906,0.16987668429016786,gain
C[1 h],-0.09922810196181663,0.1565922402690197,gain
C[5 h],-0.26256436602055805,0.15260612651247982,gain
K·RCF,-0.00993431709849728,0.0032749978643752823,gain
K·SS,0.007591593344232292,0.001768886847449222,gain
