mix,carbonation,RCF_pct,SS_pct,AB,f7_mean,f28_mean,fit7,resid_ln7,t_del7,hat7,cook7,p_bonf7,fit28,resid_ln28,t_del28,hat28,cook28,p_bonf28
1,0.5 h,10.0,38.24,0.45,12.3,20.41,12.481302752644016,-0.01463248234603265,-0.17759106669407168,0.24915742477084202,0.0010998241972254286,1.0,18.93392577038431,0.07506964956298878,0.5305935986653284,0.24997947836743512,0.010795215182695833,1.0
2,1 h,50.0,74.98,0.476,12.59,18.21,13.221120679704418,-0.048912754310267204,0.020191910662457003,0.5451265064194408,5.1431427332390064e-05,1.0,20.826051911694538,-0.13423380500382764,-0.5905729487960643,0.3372926821579078,0.02035498274737471,1.0
3,5 h,10.0,0.0,0.467,3.19,9.92,3.7594272057569285,-0.16424569010586798,-1.512068045248172,0.32813661645240294,0.10491683850158441,1.0,9.010956513280712,0.0961116940148301,0.7416991495725744,0.2734106133540453,0.02350413942469575,1.0
4,1 h,16.8,75.0,0.42,11.2,26.54,10.075581902415525,0.10579891507260131,1.4156831381530606,0.44430080421923523,0.15257878540636455,1.0,25.71561300542759,0.03155471152353018,-0.0015374457138250825,0.28570407611759263,1.1030230374131632e-07,1.0
5,NC,10.0,67.53,0.434,19.23,21.24,18.023113410344905,0.06481654707556173,0.322445400671297,0.4814825444041806,0.010107316920784155,1.0,19.56944221472117,0.08191691743013685,0.621926585555691,0.2925311455521955,0.01830504958096897,1.0
6,5 h,36.6,49.88,0.442,16.6,16.97,18.58401045758546,-0.11289886282528938,-0.9791931414896594,0.2196351416688061,0.027041825247567663,1.0,19.445966563608636,-0.13619259469156653,-0.7452882325807256,0.22787051287025753,0.01860785102064375,1.0
7,NC,18.2,16.38,0.419,8.34,33.96,7.5458640346165895,0.10006361319699053,0.8808128167932847,0.3025005342781179,0.03402865365350375,1.0,23.006990579452175,0.38938525345681496,2.0733685732462916,0.36387603030989163,0.23613243548599838,1.0
8,1 h,27.8,32.39,0.479,13.6,17.88,12.35167559135748,0.09627806345753553,0.585090322413051,0.1901449650302657,0.008310833174300187,1.0,17.6476165981119,0.013082032418540113,-0.08018495166864864,0.29917187308164955,0.00032011216241920596,1.0
9,NC,43.95,0.0,0.442,3.86,11.38,4.264128973665705,-0.09957075003671112,-0.6153676479547673,0.4806344013845094,0.03616736396445423,1.0,17.007582352573415,-0.4018018366599603,-2.405324113278487,0.25724826528501477,0.1813242133963813,0.7786860136126295
10,0.5 h,30.0,0.0,0.45,4.66,19.22,5.433923171081855,-0.1536459242097603,-1.276163339819716,0.31030614185383576,0.07104065110512699,1.0,21.862524368902037,-0.12882255144584231,-0.932861374010312,0.31219925461143294,0.04416243231036089,1.0
11,1 h,50.0,59.59,0.42,16.31,26.53,17.442261348936626,-0.06711765794544311,-0.44948785262484936,0.2737683879186531,0.007932803724022665,1.0,26.16026265431394,0.01403460130853329,0.019822310425791,0.3034882463404899,1.9973778536955644e-05,1.0
12,0.5 h,10.0,37.95,0.448,14.2,17.38,12.431050443059735,0.1330445539617915,1.0629596931990635,0.24878022079226378,0.03717672820712585,1.0,19.09826548720104,-0.09427739890323483,-0.39374735203088146,0.24987095171301224,0.005978720702665477,1.0
13,NC,19.0,74.81,0.468,14.17,19.05,16.659319242586378,-0.16184272041170855,-1.7913087893548847,0.38666282997403695,0.18217098525373476,1.0,22.408320785122104,-0.16236525193427642,-0.8837545886359262,0.26532786453517354,0.031671055434489497,1.0
14,0.5 h,30.0,0.0,0.45,6.69,23.22,5.433923171081855,0.2079525017928221,2.070884704898546,0.31030614185383576,0.16570406005647204,1.0,21.862524368902037,0.06024002128175665,0.15089355596589057,0.31219925461143294,0.001204379230340984,1.0
15,1 h,50.0,12.42,0.42,9.84,16.62,10.619693600447151,-0.07625445315142665,-0.7943046097291832,0.2303191272854202,0.01923458518578639,1.0,19.50533813037334,-0.16008138895518487,-0.9878155437155144,0.2915172851236787,0.04466274775673278,1.0
16,NC,10.0,0.0,0.48,3.13,9.63,3.2314099372018292,-0.03188555050397279,0.11586740154168138,0.5972645129829259,0.002094300427359174,1.0,12.417519041279741,-0.2542250756111293,-1.6106447364397418,0.3692113852141577,0.1568090135829128,1.0
17,5 h,36.6,49.88,0.442,16.9,16.88,18.58401045758546,-0.09498793625875956,-0.82567455343341,0.21963514166880616,0.019497928084470137,1.0,19.445966563608636,-0.1415101847698903,-0.7747658860591813,0.22787051287025745,0.020065177646538965,1.0
18,NC,50.0,16.88,0.471,8.62,17.52,9.29663262062987,-0.07556716611220082,-0.7054103378002806,0.4192563059660434,0.03684915187167509,1.0,17.00075163818972,0.03008552841827994,0.2770163142679349,0.2551073797220154,0.003054384284742575,1.0
19,0.5 h,10.0,38.23,0.45,10.5,20.67,12.479582468878936,-0.17271864919882285,-1.5667616210158761,0.24914432812157364,0.07592889647449928,1.0,18.932747490731792,0.08779027950433305,0.6007938294543719,0.24996563740737224,0.013785697859466048,1.0
20,NC,48.55,72.0,0.428,16.54,27.52,16.54260671063084,-0.00015758798325871126,-0.09290445676967665,0.48801420158953185,0.0008656190240660522,1.0,30.292064886971556,-0.09597278023390654,-0.5562123616263118,0.2860483456779927,0.014240728157818546,1.0
21,5 h,10.0,0.0,0.42,4.0,12.82,3.7594272057569285,0.06202775421726936,0.5379177124365319,0.328136616452403,0.014652701145362497,1.0,13.308763711169869,-0.0374162923908643,-0.3959257337290745,0.3825784201088578,0.011244036486006357,1.0
22,5 h,50.0,0.0,0.48,8.86,13.88,7.755310861092129,0.1331688835446676,1.1047477254893594,0.30931422681483084,0.05406104296094074,1.0,13.516854088133748,0.02651159732830255,0.10543435316847186,0.42556997239678507,0.0009602926089528838,1.0
23,1 h,27.8,32.63,0.48,12.82,21.7,12.401121365369596,0.03321955027922563,0.08239920091032782,0.19007718925291728,0.00016766931823998415,1.0,17.884199334045285,0.19339465629375763,0.9314730771380371,0.3127044809923658,0.044140232016200584,1.0
24,5 h,42.805,0.0,0.44,8.02,19.9,6.808204068501098,0.1638100562473761,1.3335213970584785,0.2321454385601726,0.05174895435287255,1.0,14.181848802500324,0.33875683813094737,1.9784146173225599,0.2154429143701909,0.10487321735320572,1.0
25,NC,44.0,63.75,0.466,22.2,36.04,18.100664930755887,0.20414361477537257,1.6927654694462104,0.3131824819351596,0.1195146539317209,1.0,23.84685129884471,0.41297724513412826,2.58066671088519,0.2139808644847615,0.15868098725598026,0.535723110472618
26,1 h,25.4,29.51,0.42,12.96,24.42,11.332641049713564,0.13418054069057472,0.8954666524305417,0.19886948813043448,0.020104242590200785,1.0,22.58080195498477,0.07830239442765352,0.122995221861054,0.26321460070356867,0.0006300338201867819,1.0
27,5 h,10.0,75.0,0.48,10.56,15.18,11.115279455751862,-0.05124741103987551,-0.18885172632031605,0.5312025892587495,0.004245988760308515,1.0,16.043388558964356,-0.0553180649525995,-0.31571128452700364,0.3963267812308629,0.007596604235996754,1.0
28,5 h,36.6,49.83,0.442,19.82,17.75,18.584322011721074,0.06437320622046983,0.47341876801613264,0.21968552235079206,0.006564567537100839,1.0,19.439916593992344,-0.09094299266917183,-0.4978455452014321,0.22777566684320838,0.008424632431450097,1.0
29,1 h,10.0,0.0,0.45,3.08,7.64,3.223648406480299,-0.045584166650021185,-0.42993690019027475,0.39251284171737033,0.012450818268065773,1.0,9.084410355498285,-0.1731621934812173,-0.6650980709703408,0.49282638809832374,0.04906304868531782,1.0
30,1 h,50.0,0.0,0.45,5.83,14.0,6.650054418086644,-0.1316080374428037,-1.2506363334027029,0.3102973268924412,0.06843821628421785,1.0,12.206252715942222,0.137108991468204,1.2277178257436177,0.35968911584806845,0.0918596123143226,1.0
