mix,age_d,observed,ln_fit,se,df,median,ci_lo,ci_hi,pi_lo,pi_hi,loo_pred
1,7,12.3,2.5242317447244047,0.0675755467015503,20.84542017392921,12.481302752644016,10.8442742430822,14.36545359432757,9.084037030521493,17.149084474198357,12.561965072784213
2,7,12.59,2.5818156023665226,0.09548608925084812,21.704843557940446,13.221120679704413,10.844231996448743,16.118986764996393,9.349491185333935,18.695994098748855,13.539360405564604
3,7,3.19,1.3242666069026212,0.07601633896300228,21.633569858716506,3.7594272057569285,3.210617883234243,4.402047652319202,2.715913758627471,5.203881334776927,4.099126415121815
4,7,11.2,2.310114863228447,0.08693303298180768,21.814742622509264,10.07558190241552,8.412662205174056,12.067208714245858,7.196244732629311,14.106989748692374,9.181491888964334
5,7,19.23,2.891655012525127,0.08996552918317502,21.757234110880194,18.023113410344905,14.9536758879233,21.722593122704474,12.828036679082473,25.322083583673393,17.233964561174215
6,7,16.6,2.922301558187787,0.0624872637336786,21.502827012774215,18.58401045758546,16.322376549677003,21.15901710982645,13.595186875149837,25.40350845187182,19.1365631563994
7,7,8.34,2.020999603173665,0.07236964604961124,21.791422554441368,7.5458640346165895,6.49368917725375,8.768523172986345,5.471784813556203,10.40612267643505,7.4464313097084585
8,7,13.6,2.513791729284471,0.057633117218359134,21.72605567545136,12.35167559135748,10.959213520809902,13.921061910550446,9.07426643673598,16.812806961067537,12.063936656929199
9,7,3.86,1.4502379335134505,0.0898707475434261,21.75169050338822,4.264128973665705,3.5386099250475374,5.138400753174587,3.035326325886735,5.990392449399471,4.293539018694309
10,7,4.66,1.692661372347315,0.07470518069055893,21.284821119864173,5.433923171081855,4.65261734635321,6.346432304897027,3.92953895445914,7.514245658695715,5.790204395315268
11,7,16.31,2.8588960745783654,0.06930227503613755,21.67753685471507,17.442261348936626,15.105333511912756,20.140732458815087,12.683824499878757,23.98586333069467,17.913934707917385
12,7,14.2,2.5201974106454235,0.06752402988702699,20.845743039995533,12.431050443059735,10.80177210089407,14.306079935264048,9.047894555811235,17.079223698362426,11.83271129879039
13,7,14.17,2.812969774114298,0.08110034838491574,21.81650571097319,16.659319242586378,14.079162801164548,19.71231681499221,11.974074718457771,23.177817422384873,18.31670123424153
14,7,6.69,1.692661372347315,0.07470518069055893,21.284821119864173,5.433923171081855,4.65261734635321,6.346432304897027,3.92953895445914,7.514245658695715,4.942968441422496
15,7,9.84,2.3627101642155885,0.0640415614478984,21.469540713124765,10.619693600447151,9.297128389491574,12.130400640142776,7.758134023883356,14.536729040796704,10.826886962479138
16,7,3.13,1.1729185550560346,0.10026725506196073,21.761405954001663,3.2314099372018292,2.624380135327606,3.978848201784317,2.2721098361540633,4.59573301259134,3.113790490282281
17,7,16.9,2.922301558187787,0.0624872637336786,21.502827012774215,18.58401045758546,16.322376549677003,21.15901710982645,13.595186875149837,25.40350845187182,19.034225606269057
18,7,8.62,2.2296522507878023,0.08409327695632283,21.782744929229253,9.29663262062987,7.808029004660158,11.069039066245262,6.660462124202973,12.976183404586479,9.869407596919334
19,7,10.5,2.5240939063623005,0.06757375792820162,20.845431977921006,12.479582468878936,10.842819995044728,14.363420094470362,9.082800046605259,17.146692407454136,13.23465840493397
20,7,16.54,2.805939277578804,0.09088115673015519,21.795933229591792,16.54260671063084,13.699521837979514,19.975721782050837,11.762375444972193,23.2655247286451,16.211724261704877
21,7,4.0,1.3242666069026212,0.07601633896300228,21.633569858716506,3.7594272057569285,3.210617883234243,4.402047652319202,2.715913758627471,5.203881334776927,3.633043889597864
22,7,8.86,2.048377881072322,0.07400879212819116,21.55161496431089,7.755310861092129,6.650604048024392,9.043516366011893,5.613471384788165,10.714376618211482,7.300163901797662
23,7,12.82,2.5177869012132983,0.05762177358817523,21.72638333040333,12.401121365369596,11.003345250380336,13.976459669236544,9.110677889934983,16.879952620048535,12.370635291274354
24,7,8.02,1.9181283656310468,0.06465410377586155,21.254823092712908,6.808204068501098,5.952259420199122,7.787234958385649,4.970050030729062,9.326192362605962,6.527479880862557
25,7,22.2,2.8959486741028613,0.07365522228060316,21.786133492533793,18.100664930755887,15.535226227071202,21.08975216367117,13.108938225536173,24.993181392621548,16.95159644353549
26,7,12.96,2.427687150233554,0.05897741502592145,21.71372539634248,11.332641049713564,10.02700461457445,12.808287030702987,8.316443622109025,15.442749208354975,10.987187260758304
27,7,10.56,2.408320689317991,0.09508007850940661,21.816708704839243,11.115279455751862,9.125206970929128,13.539357274093653,7.864921933646802,15.708921006692316,11.647132891009226
28,7,19.82,2.922318322681372,0.06249091558886546,21.504658508207662,18.584322011721074,16.32253711774649,21.159518409661526,13.595393487011982,25.403974145013727,18.186599423733274
29,7,3.08,1.1705137636355043,0.08316784643083942,21.627432235191502,3.223648406480299,2.712475735677514,3.831152814352204,2.3115338841528437,4.495676710536957,3.2670409367469366
30,7,5.83,1.8946250378052052,0.07357392966753705,21.73049287754085,6.650054418086647,5.708362776731303,7.747094130698653,4.8162814664728435,9.18202643914418,7.12070392084513
1,28,20.41,2.9409553272587647,0.10364473090736387,21.62947369644875,18.93392577038431,15.26855708825275,23.479202586486654,11.651475103736734,30.768082314611902,18.436232157860044
2,28,18.21,3.036204698743344,0.11804257857620377,22.545505445958405,20.826051911694538,16.309411678197424,26.593506055672293,12.65323380685109,34.2777541970145,22.13980174041845
3,28,9.92,2.1984412272819513,0.10769885298211943,21.98783024938964,9.010956513280712,7.207198433166688,11.266144263570625,5.526756991785791,14.691678574780221,8.685153941694567
4,28,26.54,3.2470983173805315,0.10960057171009764,22.19979526257464,25.71561300542759,20.489635855733557,32.27449999116841,15.748029919295433,41.992093971999694,25.87277977957056
5,28,21.24,2.973969278943601,0.1107267556317692,22.27321098129964,19.56944221472117,15.556821849875968,24.617050467693335,11.972273925207919,31.987496359315077,19.057936062892992
6,28,16.97,2.9676396739377013,0.09722195473057997,22.47975680708467,19.445966563608636,15.899105921739405,23.784080529706596,12.048566868973506,31.385111582586227,20.103605221363143
7,28,33.96,3.1357981079863313,0.1202622822346329,22.80769055374496,23.006990579452165,17.937625662006727,29.509012257076172,13.951121331705558,37.94115203629225,18.783974151865873
8,28,17.88,2.8706007373268276,0.10797439640873305,22.66290401191394,17.64761659811189,14.112412054555659,22.06840123360898,10.830250167327147,28.756341430921516,17.885368170993246
9,28,11.38,2.8336592653581456,0.10467599469529466,21.882512594212965,17.007582352573426,13.687827614545089,21.132488341115067,10.45955642741083,27.654887612779024,19.45154574808871
10,28,19.22,3.084773954987989,0.11475231500771181,22.13272733472263,21.862524368902037,17.233840766198327,27.7343848225814,13.32000812080622,35.88360963791254,22.802904297493324
11,28,26.53,3.264241566841115,0.11091912800903507,22.75619811013548,26.16026265431394,20.793735545665815,32.911803684323495,16.010998209408896,42.74307780139077,25.708300761365244
12,28,17.38,2.94959751874048,0.10360554618816833,21.638210835986612,19.098265487201033,15.402414515024335,23.68094588441466,11.753165338793012,31.033660644228743,20.037954797468736
13,28,19.05,3.109432353506986,0.10531072381234884,22.32158682403601,22.408320785122093,18.015158953134343,27.872795444947876,13.780536200195481,36.437830365542084,23.448265425979262
14,28,23.22,3.084773954987989,0.11475231500771181,22.13272733472263,21.862524368902037,17.233840766198327,27.7343848225814,13.32000812080622,35.88360963791254,21.790389246890147
15,28,16.62,2.970688178382487,0.10853604082962787,22.777581173920368,19.50533813037334,15.580854634905918,24.418314944537915,11.965594230233963,31.79601516311463,20.644946755129595
16,28,9.63,2.519108301421164,0.12403490170871892,22.39354721474666,12.417519041279746,9.603595028126772,16.055943497090748,7.49636840700482,20.569263777972957,14.37914227776784
17,28,16.88,2.9676396739377013,0.09722195473057997,22.47975680708467,19.445966563608636,15.899105921739405,23.784080529706596,12.048566868973506,31.385111582586227,20.158522184996578
18,28,17.52,2.8332575570899654,0.10380568482374078,22.09774761312727,17.00075163818972,13.708731173453439,21.083319280715056,10.466645844529607,27.613961583927065,16.716861700448685
19,28,20.67,2.940893094189344,0.10364184817262734,21.629481345828598,18.932747490731792,15.267698344489737,23.477600844607903,11.650781034550324,30.766085679992848,18.31222395533804
20,28,27.52,3.4108857932990495,0.10996155271113017,22.06556444836351,30.292064886971556,24.116078392651644,38.04968536659334,18.54099384037362,49.490831128931774,31.50349990261325
21,28,12.82,2.588422743883388,0.12434745926534749,22.776614592147236,13.308763711169869,10.28874680935512,17.215234741582076,8.035635135655802,22.042214277975255,13.857181045565568
22,28,13.88,2.6039373577503557,0.13071020662537525,22.809302479823497,13.516854088133748,10.313126995210599,17.715804772378554,8.105948666897605,22.539662160212632,13.966106261982745
23,28,21.7,2.8839176042526558,0.11021040364760169,22.61840751194099,17.884199334045277,14.235188919871273,22.46858735913129,10.95141875956776,29.205767110351044,16.484010790919374
24,28,19.9,2.651962893599499,0.09602106630523607,21.749819898183695,14.181848802500317,11.619613626051553,17.30908117340935,8.788111022025838,22.88601440661094,12.963136473409406
25,28,36.04,3.171652187606009,0.0956469385025926,21.76734670562579,23.84685129884471,19.553798879736533,29.082446861950846,14.782358040878568,38.46966196439208,21.273110130352745
26,28,24.42,3.1171000742549047,0.10237780740779684,22.81088920186938,22.58080195498476,18.269230437350743,27.909912170563445,13.932353608501051,36.59773727097512,22.319161968690565
27,28,15.18,2.7752968369200834,0.12803923318045737,22.525633574892822,16.043388558964356,12.306388484300951,20.9151788749605,9.645609878251575,26.684711459693066,16.452439315088323
28,28,17.75,2.9673285085905965,0.09720036671006509,22.480242250582812,19.439916593992344,15.894874088227658,23.77561187862907,12.045051967777635,31.37473862232784,20.061836051244534
29,28,7.64,2.206559796659646,0.14088858620647396,22.799071719190316,9.084410355498285,6.786717254644355,12.160004374811562,5.385754383156414,15.32311086543059,10.654798860420641
30,28,14.0,2.5019483381470544,0.1205379905319838,22.785938983446542,12.206252715942222,9.511169284776795,15.665014563868462,7.399402738047396,20.135761039108417,11.004249761454528
