age_d,carbonation,RCF,SS,ratio_vs_NC,lo,hi,p
7,0.5 h,10,0.0,1.1707998880373804,0.9237798507621537,1.4838734322873603,0.18134809754867476
7,0.5 h,10,37.5,0.8807358126044724,0.713600110721741,1.0870171682281766,0.22371689731483702
7,0.5 h,10,75.0,0.6625347162480207,0.5081750598800664,0.8637815683781134,0.003985893830981999
7,0.5 h,30,0.0,1.4281408909438547,1.1577513387740317,1.7616791586228433,0.0019381559120037995
7,0.5 h,30,37.5,1.0743209330226313,0.8958393003765933,1.2883621723733583,0.42099794863578527
7,0.5 h,30,75.0,0.8081593871090914,0.6331874924881,1.0314821482119165,0.08388185654198838
7,0.5 h,50,0.0,1.742045267705721,1.3396948112195177,2.2652336109097897,0.0002435428549585823
7,0.5 h,50,37.5,1.3104559285690573,1.0292042349352772,1.6685655600997256,0.029966110916859984
7,0.5 h,50,75.0,0.9857922595682448,0.735319666457553,1.321583555226131,0.9201670969581731
7,1 h,10,0.0,0.9975980977739235,0.7794796428024806,1.2767517072082584,0.9840290746026574
7,1 h,10,37.5,0.7504445296526544,0.6114180525341135,0.9210833565536115,0.00822489751209664
7,1 h,10,75.0,0.5645229209460852,0.44069318309630273,0.7231473970947697,9.464235909855855e-05
7,1 h,30,0.0,1.2168694673749905,1.0014945586007156,1.4785615038172757,0.048415164218365496
7,1 h,30,37.5,0.9153917164944809,0.7945505316629177,1.0546113321112254,0.20779161881389938
7,1 h,30,75.0,0.6886046672157088,0.5641776632782716,0.8404735220390621,0.0008113134818045089
7,1 h,50,0.0,1.4843365318495891,1.1810092451612135,1.865569595505166,0.0016907145607716724
7,1 h,50,37.5,1.1165941805379755,0.9266864843754097,1.345420036908825,0.23273214467721756
7,1 h,50,75.0,0.8399594952080665,0.6638114018116028,1.0628500077954788,0.13839158613303335
7,5 h,10,0.0,1.1634015116671714,0.9188434214581025,1.4730508438549852,0.19684170015068367
7,5 h,10,37.5,0.875170373889499,0.7184225383706342,1.0661179771322065,0.17503552968161867
7,5 h,10,75.0,0.658348107384102,0.5149257189767427,0.8417179692587954,0.0019329654639239917
7,5 h,30,0.0,1.4191163565816247,1.1713112541492763,1.7193476340156868,0.0010302838423428007
7,5 h,30,37.5,1.067532214740279,0.9233214158002654,1.2342668652611553,0.35903507626009873
7,5 h,30,75.0,0.8030525645222075,0.6529502473507935,0.9876608884095104,0.03875262110816834
7,5 h,50,0.0,1.731037146953307,1.3687395794689141,2.1892328161467467,8.074360717812886e-05
7,5 h,50,37.5,1.302175054719319,1.0668043313750497,1.5894759922352892,0.011800799226601063
7,5 h,50,75.0,0.9795629609206763,0.7628507274663953,1.257839259843862,0.8653861680927084
28,0.5 h,10,0.0,1.3437177448404212,1.00822229253941,1.7908524649373887,0.044327827586309154
28,0.5 h,10,37.5,1.3437177448404212,1.00822229253941,1.7908524649373887,0.044327827586309154
28,0.5 h,10,75.0,1.3437177448404212,1.00822229253941,1.7908524649373887,0.044327827586309154
28,0.5 h,30,0.0,1.3437177448404212,1.00822229253941,1.7908524649373887,0.044327827586309154
28,0.5 h,30,37.5,1.3437177448404212,1.00822229253941,1.7908524649373887,0.044327827586309154
28,0.5 h,30,75.0,1.3437177448404212,1.00822229253941,1.7908524649373887,0.044327827586309154
28,0.5 h,50,0.0,1.3437177448404212,1.00822229253941,1.7908524649373887,0.044327827586309154
28,0.5 h,50,37.5,1.3437177448404212,1.00822229253941,1.7908524649373887,0.044327827586309154
28,0.5 h,50,75.0,1.3437177448404212,1.00822229253941,1.7908524649373887,0.044327827586309154
28,1 h,10,0.0,0.8179320090396616,0.6561680001233257,1.0195754308133238,0.0717503431712161
28,1 h,10,37.5,0.8179320090396616,0.6561680001233257,1.0195754308133238,0.0717503431712161
28,1 h,10,75.0,0.8179320090396616,0.6561680001233257,1.0195754308133238,0.0717503431712161
28,1 h,30,0.0,0.8179320090396616,0.6561680001233257,1.0195754308133238,0.0717503431712161
28,1 h,30,37.5,0.8179320090396616,0.6561680001233257,1.0195754308133238,0.0717503431712161
28,1 h,30,75.0,0.8179320090396616,0.6561680001233257,1.0195754308133238,0.0717503431712161
28,1 h,50,0.0,0.8179320090396616,0.6561680001233257,1.0195754308133238,0.0717503431712161
28,1 h,50,37.5,0.8179320090396616,0.6561680001233257,1.0195754308133238,0.0717503431712161
28,1 h,50,75.0,0.8179320090396616,0.6561680001233257,1.0195754308133238,0.0717503431712161
28,5 h,10,0.0,0.8101308629574425,0.6491551692762667,1.0110248615102038,0.06135522444853005
28,5 h,10,37.5,0.8101308629574425,0.6491551692762667,1.0110248615102038,0.06135522444853005
28,5 h,10,75.0,0.8101308629574425,0.6491551692762667,1.0110248615102038,0.06135522444853005
28,5 h,30,0.0,0.8101308629574425,0.6491551692762667,1.0110248615102038,0.06135522444853005
28,5 h,30,37.5,0.8101308629574425,0.6491551692762667,1.0110248615102038,0.06135522444853005
28,5 h,30,75.0,0.8101308629574425,0.6491551692762667,1.0110248615102038,0.06135522444853005
28,5 h,50,0.0,0.8101308629574425,0.6491551692762667,1.0110248615102038,0.06135522444853005
28,5 h,50,37.5,0.8101308629574425,0.6491551692762667,1.0110248615102038,0.06135522444853005
28,5 h,50,75.0,0.8101308629574425,0.6491551692762667,1.0110248615102038,0.06135522444853005
