quantity,ratio,lo_t,hi_t,lo_boot,hi_boot
gain NC RCF30 SS0,4.276119314414877,3.3006238867638262,5.539921244719616,3.3886647474303073,5.484725607704694
gain NC RCF30 SS37.5,1.3742340311975063,1.100684305446988,1.7157682390450921,1.125646191214324,1.6973818972583217
gain NC RCF30 SS75,1.5920975976924956,1.2460019159194795,2.034326535290834,1.2823132264985988,2.0077356413268417
7d 0.5 h/NC RCF30 SS37.5,1.0743209330226313,0.8958393003765933,1.2883621723733583,0.906655420651998,1.2705805960456165
7d 1 h/NC RCF30 SS37.5,0.9153917164944809,0.7945505316629177,1.0546113321112254,0.8010719018544716,1.0449604747112033
7d 5 h/NC RCF30 SS37.5,1.067532214740279,0.9233214158002654,1.2342668652611553,0.9311399419887157,1.2249316716244296
7d RCF50/10 NC SS0,1.3864390011040901,1.0550017297523566,1.8219999546671015,1.070180706168463,1.782612095826391
7d RCF50/10 1h SS0,2.0628969352608233,1.6912792108537553,2.5161686717359366,1.7214003312809045,2.4794049175235804
28d 0.5 h/NC RCF30 SS37.5,1.3437177448404212,1.00822229253941,1.7908524649373887,1.024358500232318,1.7544380864348328
28d 1 h/NC RCF30 SS37.5,0.8179320090396616,0.6561680001233257,1.0195754308133238,0.6665000978449646,1.0022420444901818
28d 5 h/NC RCF30 SS37.5,0.8101308629574425,0.6491551692762667,1.0110248615102038,0.6570185907902341,0.998538329579024
28d RCF50/10 NC SS0,1.343648320394781,1.0781726345998628,1.6744914042172314,1.091977930189058,1.6578585896703264
28d RCF50/10 1h SS0,1.343648320394781,1.0781726345998628,1.6744914042172314,1.091977930189058,1.6578585896703264
28d AB0.42/0.45,1.4791185973136742,1.1687482122165358,1.8719103071567615,1.1939311800537356,1.8329266940614763
