analysis,terms_7d,terms_28d,R2_ln_7,R2_ln_28,AICc,Q2_ln_7,Q2_MPa_7,RMSE_MPa_7,MAE_MPa_7,Q2_ln_28,Q2_MPa_28,RMSE_MPa_28,MAE_MPa_28,note,28d 0.5 h/NC,28d 1 h/NC,28d 5 h/NC,28d AB0.42/0.45,gain SS0,gain SS75,R2_MPa_7,R2_MPa_28,predR2_MPa_7,predR2_MPa_28
Final model (v3 data),A D Carb AD D2 KA KD,A C D Carb A2 C2,0.9611579071800582,0.7384075395243856,-0.8784322361879511,0.9228921831496276,0.8728426822860038,1.8797015574372116,1.5089241908235196,0.48663389524477363,0.3843523228279141,5.06229367283912,3.606679905795373,,1.3437177448404212,0.8179320090396616,0.8101308629574425,1.4791185973136742,4.276119314414877,1.5920975976924956,,,,
"Previous data (v2): same protocol, re-selected",A D Carb AD D2 KA KD,A C D A2,0.949483712753577,0.5321859122480608,7.609295034319256,0.9070527139917168,0.8286966017530176,2.215473211862891,1.680104866324137,0.3810495561800401,0.2253395191007902,6.361564398932857,4.56599928116208,,1.0,1.0,1.0,1.1386284267602096,4.851315921937036,1.8542690691256984,,,,
Previous data (v2): final v3 terms,A D Carb AD D2 KA KD,A C D Carb A2 C2,0.9520653334962107,0.6987536604026487,15.256585991193656,0.9069932108562856,0.8324266452960808,2.1912200644385713,1.729471523560207,0.4095609946518456,0.27069102301024484,6.172541336901576,4.481856171804329,,1.286570598663147,0.8126296169579744,0.8307753577389612,1.445212480392616,4.634136198842155,1.799597009966139,,,,
28-d alternative (dAICc 1.8),A D Carb AD D2 KA KD,A C D Carb A2 C2 KD,0.961813224184149,0.7654345542483916,1.888023015061659,0.9214184196843449,0.8716371231496632,1.888591118893797,1.4849313899600098,0.44751342615926337,0.2751559868464486,5.492922748885414,3.921193005176699,,1.3455401406442744,0.8116450894188091,0.8036361427626721,1.5289121865245208,3.908633012545726,1.68332634127979,,,,
28-d alternative (dAICc 2.5),A D Carb AD D2 KA KD,A C D Carb AC A2 C2,0.9615354413351527,0.7578577848208969,3.924563726182466,0.9217652082096355,0.871271037167801,1.8912822960497369,1.4976047046705174,0.4748963767497456,0.3840727062897078,5.063443145497853,3.705080982629515,,1.3465880779181443,0.818833745548524,0.8106282377606143,1.4888200365561843,4.298594900261397,1.5913172265511981,,,,
28-d alternative (dAICc 3.8),A D Carb AD D2 KA KD,A C D A2,0.9575489165199853,0.501630488134018,-3.3351466488753267,0.921868167156049,0.8688495197664181,1.9089878520133894,1.4825984025083847,0.34283959029799504,0.21856952414573894,5.70330221879629,4.223555081125598,,1.0,1.0,1.0,1.1402107513672288,4.512416083924748,1.6459941338387893,,,,
"Mix 7 excluded, re-selected",A D Carb AD D2 KA KD,A C D Carb A2 C2 KD,0.9629758775678932,0.8073076126628722,-4.251584762782372,0.924210146180894,0.872060764845749,1.9091347957802913,1.497681926450817,0.5556173079440567,0.41376674737465646,4.544056293115317,3.5194565939963534,re-selection: 7 d same; 28 d A C D Carb A2 C2 KD,1.4469127846397296,0.9080979999716198,0.879862190735978,1.3545073784801878,3.4582764306431377,1.6574108049992526,,,,
"Mix 13 excluded, re-selected",A D Carb AD D2 KA KD,A C D Carb A2 C2 KD,0.9670771218273948,0.7991495399933697,2.3423500114912628,0.9263718270780276,0.8700876034396512,1.920506672321065,1.5120148249150889,0.4875938820839978,0.24859904800775756,5.688233053194292,3.986631937121737,re-selection: 7 d same; 28 d A C D Carb A2 C2 KD,1.277180090888033,0.772015652649373,0.7626290331136686,1.539669708978238,3.934027495341896,1.7682274475027264,,,,
"Mix 25 excluded, re-selected",A D Carb AD D2 KA KD,A C D Carb A2 C2,0.9642797771176302,0.7760634841254854,-3.4537531951536202,0.9198002755452992,0.8769432252916931,1.7287675182226585,1.4456697324022811,0.5153662295074901,0.4680579464408493,4.1813785794134075,3.0099976214270527,re-selection: 7 d same; 28 d same,1.4356846051487913,0.8613875702286207,0.8599879908889932,1.5849104095314916,4.111569234189758,1.5090426382193944,,,,
"Raw MPa scale, final terms",A D Carb AD D2 KA KD,A C D Carb A2 C2,,,,,,,,,,,,,,,,,,,0.9284902425021253,0.6566058604693901,0.8237121345671916,0.3276190224410379
