design_point,mix,carbonation,RCF,SS,AB,obs7,pred7,err_ln7,same_terms_7,obs28,pred28,err_ln28,terms_28_without_it,carb_in_28_without_it
R1,1,0.5 h,10.0,38.24,0.45,12.3,12.249160734217028,0.004141839227142764,True,20.41,12.930324796178802,0.4564496647727516,A C D A2 C2,False
R1,12,0.5 h,10.0,37.95,0.448,14.2,12.199718522548414,0.15182908505642623,True,17.38,13.030663682080197,0.28801479507205985,A C D A2 C2,False
R1,19,0.5 h,10.0,38.23,0.45,10.5,12.24746882108506,-0.1539440316267905,True,20.67,12.92960581360478,0.46916366756141603,A C D A2 C2,False
S2,2,1 h,50.0,74.98,0.476,12.59,13.539360426032482,-0.07269818242097384,True,18.21,22.139801660992447,-0.19540607509942237,A C D Carb A2 C2,True
S3,3,5 h,10.0,0.0,0.467,3.19,4.099126410782818,-0.25075296366998007,True,9.92,8.68515389488018,0.13293780214295128,A C D Carb A2 C2,True
S4,4,1 h,16.8,75.0,0.42,11.2,9.18149189450013,0.19872407113214724,True,26.54,25.87277977932317,0.02546158663006424,A C D Carb A2 C2,True
S5,5,NC,10.0,67.53,0.434,19.23,17.233964589487044,0.10958943747438257,True,21.24,19.05793607169812,0.10840258986106413,A C D Carb A2 C2,True
R3,6,5 h,36.6,49.88,0.442,16.6,19.462287418631828,-0.15907591912431637,True,16.97,30.974881065967004,-0.6017295085834754,A C D A2 D2,False
R3,17,5 h,36.6,49.88,0.442,16.9,19.462287418631828,-0.1411649925577863,True,16.88,30.974881065967004,-0.6070470986617994,A C D A2 D2,False
R3,28,5 h,36.6,49.83,0.442,19.82,19.464099731843355,0.018119799520710557,True,17.75,30.97205986017936,-0.5566999873203943,A C D A2 D2,False
S7,7,NC,18.2,16.38,0.419,8.34,7.202867321853521,0.14658403047848564,True,33.96,17.24895894934105,0.6774315705497962,A C D Carb A2 C2 KD,True
R4,8,1 h,27.8,32.39,0.479,13.6,12.009786675258242,0.12434791906779487,True,17.88,15.885742379073255,0.11826076851892153,A C D Carb A2 C2,True
R4,23,1 h,27.8,32.63,0.48,12.82,12.057905540167342,0.061285945245400576,True,21.7,16.06391133534613,0.3007370365153422,A C D Carb A2 C2,True
S9,9,NC,43.95,0.0,0.442,3.86,4.293539018434495,-0.10644415540426273,True,11.38,19.451545749322058,-0.5360691111813174,A C D Carb A2 C2,True
R2,10,0.5 h,30.0,0.0,0.45,4.66,5.024625523290953,-0.07533548030245991,True,19.22,12.61909230994944,0.42074047374245527,C D D2,False
R2,14,0.5 h,30.0,0.0,0.45,6.69,5.024625523290953,0.28626294570012273,True,23.22,12.61909230994944,0.6098030464700542,C D D2,False
S11,11,1 h,50.0,59.59,0.42,16.31,17.91393473005127,-0.09380046989727012,True,26.53,25.70830069862633,0.03146224401435393,A C D Carb A2 C2,True
S13,13,NC,19.0,74.81,0.468,14.17,19.031036018169104,-0.29494406743568624,True,19.05,28.479487098084967,-0.40211697561244264,A C D Carb A2 C2 KD,True
S15,15,1 h,50.0,12.42,0.42,9.84,10.826886962865762,-0.095576862909532,True,16.62,20.644946751495294,-0.21686379066282804,A C D Carb A2 C2,True
S16,16,NC,10.0,0.0,0.48,3.13,3.113790492010625,0.005192212783631915,True,9.63,14.379142285238132,-0.4008954783366446,A C D Carb A2 C2,True
S18,18,NC,50.0,16.88,0.471,8.62,9.869407595406217,-0.13535474623961916,True,17.52,16.71686170085793,0.04692519278614521,A C D Carb A2 C2,True
S20,20,NC,48.55,72.0,0.428,16.54,16.211724285129538,0.020046987812890882,True,27.52,31.50349990848061,-0.1351856348001186,A C D Carb A2 C2,True
S21,21,5 h,10.0,0.0,0.42,4.0,3.63304388781601,0.09622352763009014,True,12.82,13.85718108467031,-0.07779713663928849,A C D Carb A2 C2,True
S22,22,5 h,50.0,0.0,0.48,8.86,7.300163902379067,0.19364996433400083,True,13.88,13.966106254529645,-0.006184457402284468,A C D Carb A2 C2,True
S24,24,5 h,42.805,0.0,0.44,8.02,6.52747988086787,0.2059174825029998,True,19.9,12.96313646865218,0.42861005861629414,A C D Carb A2 C2,True
S25,25,NC,44.0,63.75,0.466,22.2,16.951596441962984,0.2697302741203899,True,36.04,21.273110147834913,0.5271855919402797,A C D Carb A2 C2,True
S26,26,1 h,25.4,29.51,0.42,12.96,10.987187294110871,0.1651378884670122,True,24.42,22.319162051239843,0.0899568743813615,A C D Carb A2 C2,True
S27,27,5 h,10.0,75.0,0.48,10.56,11.647132893162098,-0.09798676785389962,True,15.18,16.45243931184643,-0.08049498068498392,A C D Carb A2 C2,True
S29,29,1 h,10.0,0.0,0.45,3.08,3.3843632244525783,-0.09423617482955574,True,7.64,15.540842733839066,-0.7100739702674541,C D,False
S30,30,1 h,50.0,0.0,0.45,5.83,7.12070392454764,-0.1999895859818343,True,14.0,11.004249636464255,0.24077580083567543,A C D Carb A2 C2,True
