term,label,in_final,akaike_importance,residual_bootstrap,subsample_24of30,evidence
A,RCF,True,0.8188179766609223,0.8915,0.423,Moderate
C,A/B,True,0.8581540485528766,0.899,0.6285,Moderate
D,SS,True,0.9936107319396361,0.995,0.9915,Robust
Carb,Carb,True,0.4032239782393865,0.732,0.1375,Moderate
AC,RCF·A/B,False,0.16477523034024705,0.072,0.0145,Not detected
AD,RCF·SS,False,0.09484457210520437,0.079,0.009,Not detected
CD,A/B·SS,False,0.09791300025165381,0.076,0.005,Not detected
A2,RCF²,True,0.5656733665051026,0.7525,0.2925,Moderate
C2,(A/B)²,True,0.4105441139558406,0.631,0.1145,Moderate
D2,SS²,False,0.279099092683419,0.113,0.147,Not detected
KA,K·RCF,False,0.02675129208828375,0.0545,0.002,Not detected
KC,K·A/B,False,0.03743927505183934,0.065,0.0105,Not detected
KD,K·SS,False,0.07721190205841819,0.0725,0.0265,Not detected
