carbonation,SS,RCF_at_max,f_max,f_RCF10,f_RCF50,interior
NC,0.0,35.5,16.520259243054667,10.584630396167041,14.307612076140394,True
NC,37.5,35.5,20.85244573347454,13.360288582502115,18.059565531258368,True
NC,75.0,35.5,26.32068217999099,16.863820872987187,22.795411662139266,True
0.5 h,0.0,35.5,22.680118598926644,14.531289683713469,19.64244834055631,True
0.5 h,37.5,35.5,28.627634430840594,18.34189918626271,24.793381391168282,True
0.5 h,75.0,35.5,36.13479574770104,23.151783020063732,31.295068219103683,True
1 h,0.0,35.5,13.176590267475369,8.442321383158276,11.411778668821016,True
1 h,37.5,35.5,16.631950471374914,10.656191644260689,14.404343897572648,True
1 h,75.0,35.5,20.993426286090997,13.450615678496082,18.181663800264904,True
5 h,0.0,35.5,13.388622338025252,8.578171618065943,11.595412143846783,True
5 h,37.5,35.5,16.899584724557503,10.82766653515763,14.636132455880768,True
5 h,75.0,35.5,21.331243547842213,13.667057249083726,18.47423537935755,True
