terms,p,R2,adjR2,predR2,s,AICc,dAICc,weight,BIC
A C D A2,5,0.5367239769133318,0.46259981321946486,0.3772972221538913,0.2773650085957104,18.37358402163707,0.0,0.12029011663856524,23.128594398566523
A C D A2 D2,6,0.5720423923999486,0.4828845574832712,0.40027831704186,0.27207993689705656,19.433352331095634,1.0597683094585655,0.07081156316622168,24.150824911821633
A D A2,4,0.4627880886693484,0.40080209890042706,0.30696722649179653,0.2928787796632183,19.663498071623508,1.2899140499864394,0.06311443067069357,24.169484979934285
A C D AC A2,6,0.5643783287592901,0.47362381391747554,0.37901843012957526,0.2745053929862565,19.965852245040722,1.5922682234036536,0.054259188532446705,24.68332482576672
A D A2 D2,5,0.5093307907838047,0.43082371730921354,0.3353405944228657,0.28544744632179864,20.096998635858498,1.7234146142214293,0.05081538466845516,24.852009012787953
A C D Carb A2 C2,9,0.7048665789364039,0.5924347994836054,0.42261298577843154,0.2415468132565994,20.773492184810586,2.3999081631735173,0.036232350575628576,23.20651863301109
C D D2,4,0.4380108308079872,0.37316592667044723,0.28726762349088664,0.29955671712511817,21.016196284031462,2.642612262394394,0.03209179315365876,25.52218319234224
A C D AC A2 D2,7,0.6002162669754469,0.49592485836034605,0.4131534875883969,0.2686274596060516,21.15657381062537,2.782989788988303,0.029916541928063235,25.509010006779757
A C D A2 C2,6,0.5465914669533645,0.45213135590198206,0.33408751699907135,0.2800534887786565,21.16643478148067,2.7928507598436028,0.029769401888030074,25.88390736220667
D D2,3,0.3679504311101822,0.3211319445257512,0.23045532998205098,0.31174209608600817,21.640753635569848,3.2671696139327793,0.023484054447292468,25.645543162218466
A C D D2,5,0.48183316832081424,0.3989264752521444,0.3051928863832005,0.2933368096011872,21.73281064140053,3.3592266197634615,0.022427618177923183,26.487821018329985
A C D AD A2,6,0.537724008222422,0.4414165099354266,0.3415748178075244,0.2827787772223677,21.74749096626366,3.37390694462659,0.022263598519431826,26.464963546989658
C D,3,0.3656952000429454,0.31870965930538575,0.2172548469377623,0.31229776803663306,21.747606828021233,3.374022806384165,0.02226230880696208,25.75239635466985
A C D CD A2,6,0.5376493534344453,0.44132630206662127,0.3472087603435866,0.28280160983512054,21.752335394384787,3.3787513727477183,0.022209736576971027,26.469807975110786
A D D2,4,0.4153025497621884,0.3478374593501332,0.247819658538332,0.3055488753552901,22.204554980840786,3.830970959203718,0.017715163788880994,26.710541889151564
