carbonation,SS,ratio,lo,hi,p,in_model
NC,0,1.3517346889430868,1.0634385761860108,1.718187312562246,0.016251972073350728,True
NC,25,1.3517346889430868,1.0634385761860108,1.718187312562246,0.016251972073350728,True
NC,50,1.3517346889430868,1.0634385761860108,1.718187312562246,0.016251972073350728,True
NC,75,1.3517346889430868,1.0634385761860108,1.718187312562246,0.016251972073350728,True
0.5 h,0,1.3517346889430868,1.0634385761860108,1.718187312562246,0.016251972073350728,True
0.5 h,25,1.3517346889430868,1.0634385761860108,1.718187312562246,0.016251972073350728,True
0.5 h,50,1.3517346889430868,1.0634385761860108,1.718187312562246,0.016251972073350728,True
0.5 h,75,1.3517346889430868,1.0634385761860108,1.718187312562246,0.016251972073350728,True
1 h,0,1.3517346889430868,1.0634385761860108,1.718187312562246,0.016251972073350728,True
1 h,25,1.3517346889430868,1.0634385761860108,1.718187312562246,0.016251972073350728,True
1 h,50,1.3517346889430868,1.0634385761860108,1.718187312562246,0.016251972073350728,True
1 h,75,1.3517346889430868,1.0634385761860108,1.718187312562246,0.016251972073350728,True
5 h,0,1.3517346889430868,1.0634385761860108,1.718187312562246,0.016251972073350728,True
5 h,25,1.3517346889430868,1.0634385761860108,1.718187312562246,0.016251972073350728,True
5 h,50,1.3517346889430868,1.0634385761860108,1.718187312562246,0.016251972073350728,True
5 h,75,1.3517346889430868,1.0634385761860108,1.718187312562246,0.016251972073350728,True
