mix,carbonation,RCF,SS,AB,observed,fitted,loo,lodpo,resid_ln,t_ext,p_bonf,leverage,cook
1,0.5 h,10.0,38.24,0.45,12.3,12.843504624850377,13.029115316633419,13.53798045709125,-0.04323894450111965,-0.31864108457148876,1.0,0.249157424770842,0.003527688897532795
2,1 h,50.0,74.98,0.476,12.59,12.501879110843166,12.39708596669141,12.39708596669141,0.00702388617879901,0.06633248426612373,1.0,0.5451265064194408,0.0005549259418097377
3,5 h,10.0,0.0,0.467,3.19,3.7557322371837145,4.067466189365485,4.067466189365485,-0.16326235265334788,-1.3258822941409154,1.0,0.32813661645240294,0.08272350156612333
4,1 h,16.8,75.0,0.42,11.2,9.752642507326534,8.73119508314827,8.73119508314827,0.13837550361984574,1.2282120726764163,1.0,0.44430080421923523,0.11761969527930421
5,NC,10.0,67.53,0.434,19.23,18.640061876629524,18.108477106257862,18.108477106257862,0.031158430787083358,0.2761260437697259,1.0,0.48148254440418053,0.007422821164697017
6,5 h,36.6,49.88,0.442,15.61,18.701140620116377,19.67670027868407,20.913518244767204,-0.18067278320118518,-1.3648929594582633,1.0,0.2196351416688061,0.05026387289057542
7,NC,18.2,16.38,0.419,8.34,7.5487128094245755,7.229312098157837,7.229312098157837,0.09968615646252976,0.7719929981355,1.0,0.3025005342781179,0.026379839480478028
8,1 h,27.8,32.39,0.479,13.6,12.683233698257656,12.477104099751779,12.38871753871762,0.06978885272400026,0.49708658467734446,1.0,0.19014496503026568,0.006028460680528875
9,NC,43.95,0.0,0.442,3.86,4.104202027194316,4.3439357924935615,4.3439357924935615,-0.06134415007932481,-0.5463428519843844,1.0,0.4806344013845094,0.028627199080159052
10,0.5 h,30.0,0.0,0.45,4.67,5.442536478477392,5.830609445588568,5.2104423562611615,-0.15308614494555628,-1.2189975904109964,1.0,0.31030614185383576,0.06526998095666384
11,1 h,50.0,59.59,0.42,16.31,17.175459128731024,17.513502746676288,17.513502746676288,-0.05170315350427268,-0.3879147529589191,1.0,0.2737683879186531,0.005924219253045664
12,0.5 h,10.0,37.95,0.448,16.2,12.793371902550104,11.831241974019607,13.484558241151593,0.2360840255411749,1.8909014488815508,1.0,0.24878022079226378,0.10490086815347849
13,NC,19.0,74.81,0.468,14.17,16.996621197794166,19.061697092020317,19.061697092020317,-0.18188751752868626,-1.5723916769485318,1.0,0.38666282997403695,0.1451789678450881
14,0.5 h,30.0,0.0,0.45,6.69,5.442536478477392,4.959952207769296,5.2104423562611615,0.20636865751377487,1.6984520038753184,1.0,0.31030614185383576,0.11861215339879595
15,1 h,50.0,12.42,0.42,9.84,10.812854397314142,11.122253877342592,11.122253877342592,-0.09427993728690343,-0.692991797738543,1.0,0.2303191272854202,0.014754049838346198
16,NC,10.0,0.0,0.48,3.13,3.090883435025881,3.0337710642246885,3.0337710642246885,0.012576053201522885,0.12625842293961306,1.0,0.5972645129829259,0.002486449844098572
17,5 h,36.6,49.88,0.442,16.91,18.701140620116377,19.238642940473152,20.913518244767204,-0.10067935481803669,-0.7361079277333477,1.0,0.21963514166880616,0.015608146276290372
18,NC,50.0,16.88,0.471,8.63,9.312913510538156,9.839278237694431,9.839278237694431,-0.07615748144069867,-0.6433446013292959,1.0,0.41925630596604346,0.030782210429320757
19,0.5 h,10.0,38.23,0.45,10.04,12.84179014417185,13.934576339030786,13.536153634786817,-0.2461275936082865,-1.9882452841579077,1.0,0.24914432812157367,0.11429381851804309
20,NC,48.55,72.0,0.428,16.54,16.66565164677949,16.78630863632788,16.78630863632788,-0.0075681241167075974,-0.06736820616301743,1.0,0.48801420158953185,0.00045525757542999405
21,5 h,10.0,0.0,0.42,4.0,3.7557322371837145,3.6419118934625305,3.6419118934625305,0.06301109166978947,0.4926937867434111,1.0,0.328136616452403,0.012322272702790996
22,5 h,50.0,0.0,0.48,8.86,7.768577817817264,7.324425310595117,7.324425310595117,0.13145965202034215,1.035417612716156,1.0,0.3093142268148309,0.04783963853641692
23,1 h,27.8,32.63,0.48,12.82,12.733196311362159,12.71291003974003,12.437573554090532,0.00679398549379151,0.048080951199814995,1.0,0.19007718925291728,5.7102619133714616e-05
24,5 h,42.805,0.0,0.44,8.02,6.816548585912636,6.4895871101667995,6.4895871101667995,0.16258515056776024,1.2276080209228317,1.0,0.2321454385601726,0.044435291209655545
25,NC,44.0,63.75,0.466,22.2,18.477534746732157,16.9940730111949,16.9940730111949,0.183536632714278,1.4906000183079546,1.0,0.31318248193515963,0.09548261644370518
26,1 h,25.4,29.51,0.42,12.96,11.649135483404226,11.344818702578669,11.344818702578669,0.10663572109904074,0.770506146293048,1.0,0.19886948813043445,0.015042883392801071
27,5 h,10.0,75.0,0.48,10.57,10.785288579555486,11.03454002399564,11.03454002399564,-0.020163237093393516,-0.18772143126314778,1.0,0.5312025892587495,0.0041954093956723965
28,5 h,36.6,49.83,0.442,20.83,18.702784598115247,18.14409201183236,20.915622200210738,0.10772183350806275,0.7892558421572847,1.0,0.21968552235079206,0.017874489184468424
29,1 h,10.0,0.0,0.45,3.08,3.228084109396085,3.3275301794027845,3.3275301794027845,-0.046959209277336544,-0.38519909284846565,1.0,0.39251284171737044,0.010013485548418043
30,1 h,50.0,0.0,0.45,5.83,6.677159345392422,7.097432808947952,7.097432808947952,-0.13567564904696527,-1.0714031752347224,1.0,0.3102973268924412,0.051265133145642065
