column,term,coef,se,t,p,lo,hi,VIF
Intercept,Intercept,2.7343102876192162,0.07459495722645931,36.655430732646614,8.171054485964787e-20,2.5787079334944614,2.889912641743971,
A,A,0.059973298214950455,0.06555647328331701,0.9148341149433464,0.3711772722656853,-0.07677510878571,0.19672170521561091,3.4276050165808845
D,D,0.754407797008908,0.06485593938365322,11.632054121461922,2.3524149107238236e-10,0.6191206781165168,0.8896949159012992,3.0880145094623983
Carb[0.5 h],Carb,0.06471895839713254,0.09879314987803865,0.6550956060924151,0.5198705052524288,-0.14135994108871414,0.2707978578829792,1.736226903102142
Carb[1 h],Carb,-0.09423553039313665,0.0761971835409682,-1.236732461935026,0.23051278093438288,-0.2531800700442044,0.06470900925793113,1.561645468637856
Carb[5 h],Carb,0.05715893279414484,0.0779182646449075,0.7335755365527199,0.4717198386275129,-0.1053757191295203,0.21969358471780998,1.5206666251995322
AD,AD,-0.10706904770877573,0.04498073635522822,-2.380331145831294,0.027356891233899165,-0.20089721957688456,-0.013240875840666896,1.0785613322678484
D2,D2,-0.6844031933360432,0.07325977255142146,-9.34214193547566,9.810032909062745e-09,-0.8372204010333194,-0.5315859856387669,1.2256139654228217
KA,KA,0.1963595756495472,0.08123945290336836,2.4170469966496504,0.025322442644616975,0.026897046417244136,0.3658221048818503,3.7127229899133782
KD,KD,-0.3340269609549646,0.081904006627675,-4.07827375861364,0.0005858477230837951,-0.5048757249649157,-0.16317819694501348,3.2994193677988726
