cv,procedure,predR2,rmse_ln,rmse_MPa,mae_MPa,distinct,folds,final_selected
leave-one-mixture-out,AICc (primary),0.8871252872440021,0.19440489896609764,2.133864002422478,1.6473853343952451,2.0,30.0,29.0
leave-one-mixture-out,BIC,0.9037384088138007,0.17952932330126786,2.104485527060422,1.6070218467642727,2.0,30.0,29.0
leave-one-mixture-out,PRESS,0.87272429634842,0.2064341907745864,2.4775111833017047,2.042237031235525,4.0,30.0,6.0
leave-one-mixture-out,Backward a=0.10,0.8297842509639125,0.238730960808453,2.669679526986342,2.0531252866610075,5.0,30.0,23.0
leave-one-mixture-out,Backward a=0.05,0.8220687359357507,0.24408158107260527,2.7191549202677296,2.0937798139665325,5.0,30.0,24.0
leave-one-mixture-out,Full candidate model,0.8745448198435011,0.2049524786828209,2.3728130681959487,1.7303967639277356,,,
leave-one-mixture-out,Final model (fixed terms),0.9112571687861937,0.17237549085378914,2.0844951165504426,1.5789305546541996,,,
leave-one-design-point-out,AICc (primary),0.8921865887881775,0.18999635508024854,2.1788941421853054,1.609878057399537,2.0,24.0,23.0
leave-one-design-point-out,BIC,0.9022652464499611,0.1808978423599548,2.5531023155589656,1.7736539830496738,2.0,24.0,23.0
leave-one-design-point-out,PRESS,0.8921939888568718,0.18998983450831677,2.3990318473575662,1.8997954304704001,4.0,24.0,6.0
leave-one-design-point-out,Backward a=0.10,0.8430777191252441,0.22921929993300735,2.688682233431226,1.985295317347834,4.0,24.0,19.0
leave-one-design-point-out,Backward a=0.05,0.827130037479926,0.24058505444159253,2.7546338381772566,2.0562725369708232,5.0,24.0,18.0
leave-one-design-point-out,Full candidate model,0.8691759190680158,0.20929204523640216,2.833120497016334,1.8878568061395427,,,
leave-one-design-point-out,Final model (fixed terms),0.9163184703303691,0.1673877535808579,2.1305689364434106,1.541423277658491,,,
