carbonation,RCF,SS,ratio,lo,hi,p,in_model
0.5 h,10,0,1.2243209254306018,0.9254182092484531,1.6197668399723582,0.14710982301050446,True
0.5 h,10,25,0.9799063266529288,0.7674228778625712,1.2512220272724137,0.8642093088372361,True
0.5 h,10,50,0.7842848954629456,0.6053237229238019,1.0161551149528505,0.06446588329946425,True
0.5 h,10,75,0.6277159158185388,0.4572658391145292,0.8617028373143282,0.00609731899450824,True
0.5 h,30,0,1.4899550017776368,1.1666596711703734,1.9028393302522968,0.0028380057855113944,True
0.5 h,30,25,1.1925111319620585,0.9720834866741129,1.4629224951850024,0.0874579109752582,True
0.5 h,30,50,0.9544468109149407,0.7637947715819067,1.1926878119091855,0.6671879405472068,True
0.5 h,30,75,0.7639079338126331,0.5722111554518117,1.0198251568184082,0.0660681119718004,True
0.5 h,50,0,1.813222220751819,1.3242625088748397,2.482721363622699,0.0007902780465599079,True
0.5 h,50,25,1.4512436150002685,1.0913412864167638,1.9298344672674306,0.013023946870696615,True
0.5 h,50,50,1.1615278072236446,0.8609715193152775,1.567005198995121,0.3093339648990922,True
0.5 h,50,75,0.929648773650948,0.6536863876587784,1.3221123441870488,0.6703095567403448,True
1 h,10,0,1.0443888219191466,0.7760885406481371,1.4054427481157539,0.7634252468367454,True
1 h,10,25,0.8358945704732057,0.6508841620041718,1.0734932169729252,0.1506204497592437,True
1 h,10,50,0.669022607559733,0.5205621466986663,0.8598228900518157,0.003250672209310649,True
1 h,10,75,0.5354637597091222,0.39716465968031217,0.7219208229468801,0.00030266144813730116,True
1 h,30,0,1.2709840342488616,1.0094281678235406,1.6003124014247854,0.04214734903890903,True
1 h,30,25,1.0172539489981278,0.8603815606584363,1.202728700927023,0.8334389782899881,True
1 h,30,50,0.8141767078638759,0.6867677710998102,0.9652225097378949,0.02035206310271624,True
1 h,30,75,0.6516403423952488,0.5145202866073106,0.8253029994929719,0.0011728305962315857,True
1 h,50,0,1.5467423448166424,1.1752397366990526,2.035679875808622,0.003477493073290277,True
1 h,50,25,1.237961859432195,0.9878138346831474,1.5514558630375945,0.06251890741434725,True
1 h,50,50,0.9908240829796984,0.7880955712450548,1.2457021701842488,0.9338918816253979,True
1 h,50,75,0.7930231096641721,0.5978643273780324,1.051886897516443,0.10228039986032086,True
5 h,10,0,1.2150999272970857,0.9158674149007439,1.6120977876228884,0.16603356790381918,True
5 h,10,25,0.9725261420776228,0.7667859152292434,1.2334695750659683,0.8093460554465758,True
5 h,10,50,0.7783780377044985,0.6105042864628063,0.9924129658303673,0.0438489070877061,True
5 h,10,75,0.6229882605380368,0.463479776035815,0.837392250612932,0.0032806744820809597,True
5 h,30,0,1.4787333751558567,1.1797578609727046,1.8534755877760773,0.0017367980113527307,True
5 h,30,25,1.1835297099397633,1.0007758186719782,1.3996566945121383,0.049046348744225844,True
5 h,30,50,0.9472583752040246,0.7939067993663221,1.1302314454421745,0.5294481920016572,True
5 h,30,75,0.7581545455583345,0.5932072992395206,0.9689670300544921,0.028908612658071917,True
5 h,50,0,1.7995659004473021,1.3573009285085083,2.3859391547100155,0.00031379120683895054,True
5 h,50,25,1.440313543981113,1.133930483953829,1.829479967539088,0.004682682974906228,True
5 h,50,50,1.1527797367463966,0.9008630831244998,1.475142167935232,0.24311533347170536,True
5 h,50,75,0.9226471048657428,0.683121354769141,1.2461587888799406,0.5825533080109615,True
