column,coef,se,p,lo,hi
Intercept,3.2389390031479963,0.1524371191235353,3.391144122669348e-15,2.9209607446497894,3.5569172616462033
A,0.06981205076779429,0.13396669558868235,0.6080091040139735,-0.20963757938119015,0.3492616809167787
D,0.35841305014669617,0.13253513273934744,0.013649304226058728,0.0819496077738881,0.6348764925195043
Carb[0.5 h],0.04578527789146772,0.2018868797099607,0.8228914634072185,-0.37534337366607073,0.4669139294490061
Carb[1 h],-0.16314204442403013,0.15571131851514003,0.30726436462215656,-0.4879501631721846,0.16166607432412433
Carb[5 h],-0.20527749845654494,0.1592284013719072,0.21203971390615706,-0.5374221234849211,0.12686712657183122
AD,-0.015070520137751467,0.09191953613205012,0.8714133929017077,-0.2068113125988419,0.17667027232333893
D2,-0.3068018747273794,0.14970862764196274,0.053776672506316806,-0.6190885997288496,0.005484850274090791
KA,0.07931136207256874,0.16601535305082185,0.6380185590965568,-0.2669905960763831,0.42561332022152054
KD,-0.2064384230266526,0.16737338929083978,0.23172628807966278,-0.5555731951323442,0.142696349079039
