mix,carbonation,carb_h,RCF_pct,SS_pct,AB,f7_mean,f7_sd,f7_n,f28_mean,f28_sd,f28_n,replicate_group
1,0.5 h,0.5,10,38.24,0.450,12.30,0.85,3,20.41,0.17,3,R1
2,1 h,1,50,74.98,0.476,12.59,1.03,3,18.21,2.29,3,
3,5 h,5,10,0,0.467,3.19,0.16,3,9.92,1.10,3,
4,1 h,1,16.8,75.00,0.420,11.20,0.47,3,26.54,2.61,3,
5,NC,0,10,67.53,0.434,19.23,0.29,3,21.24,3.38,3,
6,5 h,5,36.6,49.88,0.442,15.60,1.05,3,16.97,1.19,3,R3
7,NC,0,18.2,16.38,0.419,8.34,2.28,3,33.96,5.35,3,
8,1 h,1,27.8,32.39,0.479,13.60,2.28,3,15.68,6.50,3,R4
9,NC,0,43.95,0,0.442,3.86,0.04,3,11.38,0.96,3,
10,0.5 h,0.5,30,0,0.450,4.66,0.12,3,16.22,2.65,3,R2
11,1 h,1,50,59.59,0.420,16.31,3.03,3,26.53,,1,
12,0.5 h,0.5,10,37.95,0.448,14.70,4.72,3,17.38,2.58,3,R1
13,NC,0,19,74.81,0.468,14.17,0.20,3,19.05,7.89,3,
14,0.5 h,0.5,30,0,0.450,6.69,0.21,3,26.22,0.29,3,R2
15,1 h,1,50,12.42,0.420,9.84,1.06,3,16.62,2.98,3,
16,NC,0,10,0,0.480,3.13,0.17,3,9.63,3.30,3,
17,5 h,5,36.6,49.88,0.442,16.90,2.57,3,16.88,4.48,3,R3
18,NC,0,50,16.88,0.471,8.62,0.40,3,17.52,3.18,3,
19,0.5 h,0.5,10,38.23,0.450,10.04,0.61,3,20.67,7.23,3,R1
20,NC,0,48.55,72.00,0.428,16.54,0.49,3,27.52,2.86,3,
21,5 h,5,10,0,0.420,4.00,0.08,3,12.82,4.11,3,
22,5 h,5,50,0,0.480,8.86,0.40,3,13.88,1.56,3,
23,1 h,1,27.8,32.63,0.480,12.82,0.94,3,23.90,3.71,3,R4
24,5 h,5,42.805,0,0.440,8.02,0.53,3,19.90,4.40,3,
25,NC,0,44,63.75,0.466,22.20,6.53,3,36.04,12.72,3,
26,1 h,1,25.4,29.51,0.420,12.96,0.08,3,24.42,6.65,3,
27,5 h,5,10,75.00,0.480,10.56,0.13,3,15.18,3.15,3,
28,5 h,5,36.6,49.83,0.442,20.82,1.49,3,17.75,2.12,3,R3
29,1 h,1,10,0,0.450,3.08,,1,7.64,,1,
30,1 h,1,50,0,0.450,5.83,0.44,3,14.00,,1,
